-0.219546,1.059852,0.173461,-0.006886,-0.194143,-0.631499,0.000000,0.000000,0.000000,0.000000,0.000000,0.000000,1613271406754
-0.219546,1.059852,0.173461,-0.006886,-0.194143,-0.631499,0.553864,0.296804,0.182792,-0.003086,0.048264,3.091948,1613271406761
-0.219557,1.059780,0.173514,-0.006978,-0.195080,-0.632220,0.553864,0.296804,0.182792,-0.003086,0.048264,3.091948,1613271406762
-0.219557,1.059780,0.173514,-0.006978,-0.195080,-0.632220,0.558280,0.297572,0.180974,-0.001910,-0.045512,3.108386,1613271406762
-0.219557,1.059780,0.173514,-0.006978,-0.195080,-0.632220,0.554241,0.296961,0.182575,-0.003491,0.031451,3.097687,1613271406766
-0.219583,1.059525,0.173621,-0.002598,-0.191972,-0.633074,0.554241,0.296961,0.182575,-0.003491,0.031451,3.097687,1613271406775
-0.219583,1.059525,0.173621,-0.002598,-0.191972,-0.633074,0.554255,0.297014,0.182550,-0.003101,0.031238,3.096546,1613271406775
-0.219570,1.059675,0.173546,-0.004912,-0.193627,-0.634322,0.554255,0.297014,0.182550,-0.003101,0.031238,3.096546,1613271406786
-0.219570,1.059675,0.173546,-0.004912,-0.193627,-0.634322,0.553776,0.296758,0.182827,-0.004431,0.049906,3.092470,1613271406786
-0.219731,1.059721,0.173490,-0.002939,-0.197691,-0.634451,0.553776,0.296758,0.182827,-0.004431,0.049906,3.092470,1613271406796
-0.219731,1.059721,0.173490,-0.002939,-0.197691,-0.634451,0.554208,0.297041,0.182517,-0.003250,0.033163,3.097614,1613271406796
-0.219616,1.059815,0.173564,-0.005994,-0.224609,-0.639017,0.554208,0.297041,0.182517,-0.003250,0.033163,3.097614,1613271406805
-0.219616,1.059815,0.173564,-0.005994,-0.224609,-0.639017,0.558397,0.297667,0.180901,-0.001506,-0.047503,3.108048,1613271406805
-0.219656,1.059792,0.173452,-0.004724,-0.200199,-0.636748,0.558397,0.297667,0.180901,-0.001506,-0.047503,3.108048,1613271406816
-0.219656,1.059792,0.173452,-0.004724,-0.200199,-0.636748,0.554247,0.297115,0.182486,-0.001849,0.032769,3.096842,1613271406816
-0.219637,1.059710,0.173530,-0.006066,-0.210746,-0.644170,0.554247,0.297115,0.182486,-0.001849,0.032769,3.096842,1613271406828
-0.219637,1.059710,0.173530,-0.006066,-0.210746,-0.644170,0.553853,0.296836,0.182795,-0.002334,0.049300,3.091296,1613271406828
-0.219718,1.059672,0.173512,-0.003180,-0.198960,-0.638570,0.553853,0.296836,0.182795,-0.002334,0.049300,3.091296,1613271406836
-0.219718,1.059672,0.173512,-0.003180,-0.198960,-0.638570,0.558318,0.297641,0.180902,-0.001566,-0.045436,3.108218,1613271406836
-0.219590,1.059810,0.173628,-0.007836,-0.222832,-0.637790,0.558318,0.297641,0.180902,-0.001566,-0.045436,3.108218,1613271406844
-0.219590,1.059810,0.173628,-0.007836,-0.222832,-0.637790,0.554137,0.297047,0.182502,-0.002712,0.035145,3.097445,1613271406844
-0.219628,1.059507,0.173676,-0.003701,-0.206775,-0.643773,0.554137,0.297047,0.182502,-0.002712,0.035145,3.097445,1613271406854
-0.219628,1.059507,0.173676,-0.003701,-0.206775,-0.643773,0.554228,0.296982,0.182526,-0.003597,0.032329,3.097412,1613271406854
-0.219639,1.059601,0.173567,-0.003748,-0.197817,-0.638451,0.554228,0.296982,0.182526,-0.003597,0.032329,3.097412,1613271406863
-0.219639,1.059601,0.173567,-0.003748,-0.197817,-0.638451,0.554146,0.296965,0.182538,-0.003305,0.034104,3.097742,1613271406863
-0.219666,1.059528,0.173607,-0.002476,-0.196922,-0.638300,0.554146,0.296965,0.182538,-0.003305,0.034104,3.097742,1613271406874
-0.219666,1.059528,0.173607,-0.002476,-0.196922,-0.638300,0.554184,0.296991,0.182578,-0.003190,0.032848,3.096888,1613271406874
-0.219605,1.059665,0.173573,-0.005376,-0.197980,-0.638341,0.554184,0.296991,0.182578,-0.003190,0.032848,3.096888,1613271406884
-0.219605,1.059665,0.173573,-0.005376,-0.197980,-0.638341,0.554137,0.297032,0.182539,-0.003282,0.033756,3.096475,1613271406884
-0.219720,1.059734,0.173458,-0.004213,-0.201301,-0.638790,0.554137,0.297032,0.182539,-0.003282,0.033756,3.096475,1613271406893
-0.219720,1.059734,0.173458,-0.004213,-0.201301,-0.638790,0.553770,0.296739,0.182817,-0.004095,0.050391,3.091869,1613271406893
-0.219738,1.059763,0.173446,-0.003420,-0.202251,-0.639755,0.553770,0.296739,0.182817,-0.004095,0.050391,3.091869,1613271406903
-0.219738,1.059763,0.173446,-0.003420,-0.202251,-0.639755,0.558371,0.297625,0.180852,-0.002538,-0.047477,3.108018,1613271406903
-0.219724,1.059820,0.173420,-0.004524,-0.201864,-0.638013,0.558371,0.297625,0.180852,-0.002538,-0.047477,3.108018,1613271406913
-0.219724,1.059820,0.173420,-0.004524,-0.201864,-0.638013,0.554189,0.297098,0.182469,-0.002354,0.034452,3.096162,1613271406913
-0.219730,1.059744,0.173489,-0.004832,-0.212804,-0.644110,0.554189,0.297098,0.182469,-0.002354,0.034452,3.096162,1613271406923
-0.219730,1.059744,0.173489,-0.004832,-0.212804,-0.644110,0.553828,0.296791,0.182793,-0.002953,0.048849,3.092288,1613271406923
-0.219720,1.059706,0.173509,-0.005027,-0.212382,-0.644415,0.553828,0.296791,0.182793,-0.002953,0.048849,3.092288,1613271406933
-0.219720,1.059706,0.173509,-0.005027,-0.212382,-0.644415,0.554235,0.296992,0.182506,-0.003397,0.032631,3.097102,1613271406933
-0.219659,1.059688,0.173564,-0.004853,-0.199057,-0.638177,0.554235,0.296992,0.182506,-0.003397,0.032631,3.097102,1613271406945
-0.219659,1.059688,0.173564,-0.004853,-0.199057,-0.638177,0.554142,0.297021,0.182515,-0.002857,0.035008,3.097284,1613271406945
-0.219116,1.057864,0.173924,0.007536,-0.199662,-0.693376,0.554142,0.297021,0.182515,-0.002857,0.035008,3.097284,1613271406954
-0.219116,1.057864,0.173924,0.007536,-0.199662,-0.693376,0.553775,0.296764,0.182877,-0.003436,0.050226,3.092189,1613271406954
-0.219708,1.059656,0.173588,-0.003521,-0.193120,-0.632169,0.553775,0.296764,0.182877,-0.003436,0.050226,3.092189,1613271406967
-0.219708,1.059656,0.173588,-0.003521,-0.193120,-0.632169,0.554123,0.296996,0.182572,-0.002260,0.034689,3.096583,1613271406967
-0.219708,1.059656,0.173588,-0.003521,-0.193120,-0.632169,0.553584,0.296762,0.182842,-0.003914,0.055703,3.092651,1613271406974
-0.219652,1.059868,0.173497,-0.006490,-0.196844,-0.633636,0.553584,0.296762,0.182842,-0.003914,0.055703,3.092651,1613271406984
-0.219652,1.059868,0.173497,-0.006490,-0.196844,-0.633636,0.554053,0.297078,0.182579,-0.002339,0.035895,3.096022,1613271406984
-0.219777,1.059858,0.173440,-0.004597,-0.199740,-0.634583,0.554053,0.297078,0.182579,-0.002339,0.035895,3.096022,1613271406994
-0.219777,1.059858,0.173440,-0.004597,-0.199740,-0.634583,0.554030,0.297016,0.182571,-0.003204,0.036744,3.096944,1613271406994
-0.219714,1.059917,0.173418,-0.006077,-0.199595,-0.635509,0.554030,0.297016,0.182571,-0.003204,0.036744,3.096944,1613271407004
-0.219714,1.059917,0.173418,-0.006077,-0.199595,-0.635509,0.558430,0.297626,0.180870,-0.001689,-0.048659,3.107175,1613271407004
-0.219714,1.059917,0.173418,-0.006077,-0.199595,-0.635509,0.558375,0.297681,0.180880,-0.000716,-0.046845,3.107642,1613271407014
-0.219708,1.059831,0.173446,-0.005173,-0.196064,-0.631957,0.558375,0.297681,0.180880,-0.000716,-0.046845,3.107642,1613271407024
-0.219708,1.059831,0.173446,-0.005173,-0.196064,-0.631957,0.558390,0.297698,0.180838,-0.000411,-0.047390,3.107835,1613271407024
-0.219541,1.059766,0.173630,-0.007211,-0.227398,-0.635805,0.558390,0.297698,0.180838,-0.000411,-0.047390,3.107835,1613271407035
-0.219541,1.059766,0.173630,-0.007211,-0.227398,-0.635805,0.558396,0.297576,0.180875,-0.001810,-0.048375,3.107780,1613271407035
-0.219461,1.059667,0.173722,-0.007528,-0.223603,-0.635806,0.558396,0.297576,0.180875,-0.001810,-0.048375,3.107780,1613271407044
-0.219461,1.059667,0.173722,-0.007528,-0.223603,-0.635806,0.553824,0.296671,0.182824,-0.005512,0.048871,3.092422,1613271407044
-0.219511,1.059610,0.173743,-0.006346,-0.223071,-0.635511,0.553824,0.296671,0.182824,-0.005512,0.048871,3.092422,1613271407054
-0.219511,1.059610,0.173743,-0.006346,-0.223071,-0.635511,0.558337,0.297616,0.180968,-0.000310,-0.047211,3.108491,1613271407054
-0.219495,1.059606,0.173738,-0.006612,-0.222688,-0.635580,0.558337,0.297616,0.180968,-0.000310,-0.047211,3.108491,1613271407064
-0.219495,1.059606,0.173738,-0.006612,-0.222688,-0.635580,0.554242,0.296973,0.182540,-0.003216,0.031550,3.096222,1613271407064
-0.215585,1.057128,0.173811,0.008971,-0.053580,-0.573591,0.554242,0.296973,0.182540,-0.003216,0.031550,3.096222,1613271407074
-0.215585,1.057128,0.173811,0.008971,-0.053580,-0.573591,0.554291,0.297027,0.182555,-0.002216,0.031047,3.096281,1613271407074
-0.219539,1.059739,0.173651,-0.007115,-0.225071,-0.638213,0.554291,0.297027,0.182555,-0.002216,0.031047,3.096281,1613271407085
-0.219539,1.059739,0.173651,-0.007115,-0.225071,-0.638213,0.554201,0.297022,0.182536,-0.003552,0.033199,3.096337,1613271407085
-0.215619,1.057301,0.173658,0.007295,-0.055774,-0.573494,0.554201,0.297022,0.182536,-0.003552,0.033199,3.096337,1613271407094
-0.215619,1.057301,0.173658,0.007295,-0.055774,-0.573494,0.554229,0.297126,0.182491,-0.001615,0.032869,3.096937,1613271407094
-0.219569,1.059861,0.173565,-0.008336,-0.228461,-0.637943,0.554229,0.297126,0.182491,-0.001615,0.032869,3.096937,1613271407104
-0.219569,1.059861,0.173565,-0.008336,-0.228461,-0.637943,0.554201,0.297082,0.182476,-0.003289,0.033060,3.096105,1613271407104
-0.219606,1.059850,0.173467,-0.005346,-0.195784,-0.632558,0.554201,0.297082,0.182476,-0.003289,0.033060,3.096105,1613271407114
-0.219606,1.059850,0.173467,-0.005346,-0.195784,-0.632558,0.553744,0.296804,0.182839,-0.003685,0.051112,3.092182,1613271407114
-0.219507,1.059785,0.173555,-0.006856,-0.193317,-0.632018,0.553744,0.296804,0.182839,-0.003685,0.051112,3.092182,1613271407124
-0.219507,1.059785,0.173555,-0.006856,-0.193317,-0.632018,0.553721,0.296808,0.182841,-0.003229,0.052256,3.091511,1613271407124
-0.219575,1.059750,0.173517,-0.005702,-0.195788,-0.632304,0.553721,0.296808,0.182841,-0.003229,0.052256,3.091511,1613271407134
-0.219575,1.059750,0.173517,-0.005702,-0.195788,-0.632304,0.553957,0.296947,0.182554,-0.004575,0.040294,3.097215,1613271407134
-0.219577,1.059672,0.173658,-0.006951,-0.221594,-0.638480,0.553957,0.296947,0.182554,-0.004575,0.040294,3.097215,1613271407144
-0.219577,1.059672,0.173658,-0.006951,-0.221594,-0.638480,0.553989,0.296998,0.182608,-0.003607,0.038206,3.096916,1613271407144
-0.219577,1.059672,0.173658,-0.006951,-0.221594,-0.638480,0.554048,0.297037,0.182643,-0.002590,0.036524,3.097652,1613271407157
-0.219566,1.059654,0.173627,-0.006193,-0.194475,-0.634257,0.554048,0.297037,0.182643,-0.002590,0.036524,3.097652,1613271407164
-0.219566,1.059654,0.173627,-0.006193,-0.194475,-0.634257,0.554047,0.296943,0.182643,-0.004317,0.035919,3.097573,1613271407164
-0.219470,1.059632,0.173649,-0.007210,-0.192196,-0.634900,0.554047,0.296943,0.182643,-0.004317,0.035919,3.097573,1613271407174
-0.219470,1.059632,0.173649,-0.007210,-0.192196,-0.634900,0.553954,0.297009,0.182626,-0.004427,0.039121,3.097206,1613271407174
-0.219558,1.059731,0.173551,-0.006313,-0.196882,-0.636923,0.553954,0.297009,0.182626,-0.004427,0.039121,3.097206,1613271407184
-0.219558,1.059731,0.173551,-0.006313,-0.196882,-0.636923,0.553673,0.296831,0.182849,-0.003347,0.053961,3.093134,1613271407184
-0.219651,1.059732,0.173531,-0.004903,-0.198852,-0.637278,0.553673,0.296831,0.182849,-0.003347,0.053961,3.093134,1613271407194
-0.219651,1.059732,0.173531,-0.004903,-0.198852,-0.637278,0.553904,0.296998,0.182581,-0.003981,0.041214,3.096873,1613271407194
-0.219627,1.059853,0.173462,-0.007356,-0.200221,-0.637265,0.553904,0.296998,0.182581,-0.003981,0.041214,3.096873,1613271407207
-0.219627,1.059853,0.173462,-0.007356,-0.200221,-0.637265,0.558474,0.297590,0.180901,-0.002180,-0.049698,3.108408,1613271407207
-0.219627,1.059853,0.173462,-0.007356,-0.200221,-0.637265,0.554256,0.297001,0.182482,-0.004071,0.031587,3.097151,1613271407214
-0.219656,1.059783,0.173486,-0.005650,-0.199887,-0.637337,0.554256,0.297001,0.182482,-0.004071,0.031587,3.097151,1613271407224
-0.219656,1.059783,0.173486,-0.005650,-0.199887,-0.637337,0.554209,0.296991,0.182498,-0.003766,0.033449,3.096781,1613271407224
-0.219576,1.059727,0.173565,-0.006196,-0.196513,-0.637136,0.554209,0.296991,0.182498,-0.003766,0.033449,3.096781,1613271407236
-0.219576,1.059727,0.173565,-0.006196,-0.196513,-0.637136,0.554187,0.296957,0.182522,-0.004284,0.033256,3.096883,1613271407236
-0.219632,1.059635,0.173582,-0.004680,-0.196169,-0.635883,0.554187,0.296957,0.182522,-0.004284,0.033256,3.096883,1613271407245
-0.219632,1.059635,0.173582,-0.004680,-0.196169,-0.635883,0.554226,0.296965,0.182544,-0.003677,0.033808,3.097352,1613271407245
-0.219566,1.059729,0.173682,-0.008153,-0.222206,-0.637770,0.554226,0.296965,0.182544,-0.003677,0.033808,3.097352,1613271407258
-0.219566,1.059729,0.173682,-0.008153,-0.222206,-0.637770,0.558395,0.297539,0.180975,-0.001883,-0.048726,3.107031,1613271407258
-0.219566,1.059729,0.173682,-0.008153,-0.222206,-0.637770,0.554289,0.296996,0.182505,-0.003626,0.030442,3.096608,1613271407266
-0.215770,1.057377,0.173721,0.007686,-0.060346,-0.574760,0.554289,0.296996,0.182505,-0.003626,0.030442,3.096608,1613271407274
-0.215770,1.057377,0.173721,0.007686,-0.060346,-0.574760,0.558333,0.297528,0.180943,-0.002476,-0.046187,3.107533,1613271407274
-0.215700,1.057382,0.173717,0.006608,-0.058852,-0.574202,0.558333,0.297528,0.180943,-0.002476,-0.046187,3.107533,1613271407284
-0.215700,1.057382,0.173717,0.006608,-0.058852,-0.574202,0.554311,0.297038,0.182479,-0.003109,0.030437,3.097031,1613271407284
-0.215653,1.057429,0.173660,0.006108,-0.058452,-0.573086,0.554311,0.297038,0.182479,-0.003109,0.030437,3.097031,1613271407294
-0.215653,1.057429,0.173660,0.006108,-0.058452,-0.573086,0.558359,0.297650,0.180916,-0.001332,-0.046874,3.107505,1613271407294
-0.215571,1.057313,0.173678,0.007500,-0.055647,-0.573527,0.558359,0.297650,0.180916,-0.001332,-0.046874,3.107505,1613271407304
-0.215571,1.057313,0.173678,0.007500,-0.055647,-0.573527,0.558403,0.297591,0.180905,-0.002104,-0.048378,3.108405,1613271407304
-0.215655,1.057390,0.173692,0.006380,-0.057407,-0.572966,0.558403,0.297591,0.180905,-0.002104,-0.048378,3.108405,1613271407314
-0.215655,1.057390,0.173692,0.006380,-0.057407,-0.572966,0.558435,0.297584,0.180908,-0.001822,-0.049022,3.106699,1613271407314
-0.216583,1.056828,0.173269,0.029666,-0.078110,-0.562184,0.558435,0.297584,0.180908,-0.001822,-0.049022,3.106699,1613271407324
-0.216583,1.056828,0.173269,0.029666,-0.078110,-0.562184,0.558433,0.297602,0.180896,-0.001811,-0.048599,3.108068,1613271407324
-0.215754,1.057274,0.173665,0.009962,-0.059282,-0.572904,0.558433,0.297602,0.180896,-0.001811,-0.048599,3.108068,1613271407334
-0.215754,1.057274,0.173665,0.009962,-0.059282,-0.572904,0.558367,0.297592,0.180926,-0.001789,-0.047207,3.108372,1613271407334
-0.215644,1.057222,0.173714,0.008480,-0.056420,-0.572033,0.558367,0.297592,0.180926,-0.001789,-0.047207,3.108372,1613271407344
-0.215644,1.057222,0.173714,0.008480,-0.056420,-0.572033,0.553783,0.296760,0.182863,-0.003240,0.049733,3.090911,1613271407344
-0.215644,1.057160,0.173741,0.009677,-0.055439,-0.571934,0.553783,0.296760,0.182863,-0.003240,0.049733,3.090911,1613271407354
-0.215644,1.057160,0.173741,0.009677,-0.055439,-0.571934,0.553886,0.296698,0.182808,-0.004642,0.047695,3.091481,1613271407354
-0.215548,1.057229,0.173701,0.007413,-0.054699,-0.572898,0.553886,0.296698,0.182808,-0.004642,0.047695,3.091481,1613271407364
-0.215548,1.057229,0.173701,0.007413,-0.054699,-0.572898,0.554229,0.297003,0.182536,-0.003096,0.032956,3.096745,1613271407364
-0.219621,1.059697,0.173627,-0.005529,-0.224058,-0.639582,0.554229,0.297003,0.182536,-0.003096,0.032956,3.096745,1613271407374
-0.219621,1.059697,0.173627,-0.005529,-0.224058,-0.639582,0.553706,0.296892,0.182873,-0.004360,0.051563,3.095577,1613271407374
-0.219580,1.059736,0.173506,-0.004811,-0.194345,-0.630145,0.553706,0.296892,0.182873,-0.004360,0.051563,3.095577,1613271407384
-0.219812,1.059630,0.173519,-0.001880,-0.213765,-0.643793,0.553706,0.296892,0.182873,-0.004360,0.051563,3.095577,1613271407394
-0.219812,1.059630,0.173519,-0.001880,-0.213765,-0.643793,0.554076,0.296892,0.182570,-0.006144,0.036186,3.097554,1613271407394
-0.219689,1.059807,0.173441,-0.004779,-0.198165,-0.631811,0.554076,0.296892,0.182570,-0.006144,0.036186,3.097554,1613271407404
-0.219689,1.059807,0.173441,-0.004779,-0.198165,-0.631811,0.554090,0.296954,0.182569,-0.004971,0.035951,3.097819,1613271407404
-0.219690,1.059766,0.173478,-0.004395,-0.197876,-0.632778,0.554090,0.296954,0.182569,-0.004971,0.035951,3.097819,1613271407415
-0.219690,1.059766,0.173478,-0.004395,-0.197876,-0.632778,0.553659,0.296762,0.182881,-0.005265,0.053243,3.093768,1613271407415
-0.220738,1.059292,0.173037,0.019043,-0.247398,-0.631649,0.553659,0.296762,0.182881,-0.005265,0.053243,3.093768,1613271407425
-0.220738,1.059292,0.173037,0.019043,-0.247398,-0.631649,0.553652,0.296764,0.182882,-0.005073,0.053538,3.093803,1613271407425
-0.220738,1.059292,0.173037,0.019043,-0.247398,-0.631649,0.553957,0.296919,0.182581,-0.005866,0.040034,3.097826,1613271407434
-0.219471,1.059717,0.173590,-0.007696,-0.194201,-0.636252,0.553957,0.296919,0.182581,-0.005866,0.040034,3.097826,1613271407445
-0.219471,1.059717,0.173590,-0.007696,-0.194201,-0.636252,0.553967,0.296970,0.182617,-0.005152,0.038951,3.097737,1613271407445
-0.219539,1.059708,0.173589,-0.007566,-0.195845,-0.636431,0.553967,0.296970,0.182617,-0.005152,0.038951,3.097737,1613271407454
-0.219539,1.059708,0.173589,-0.007566,-0.195845,-0.636431,0.553987,0.296978,0.182628,-0.003995,0.039106,3.097710,1613271407454
-0.219493,1.059692,0.173607,-0.008005,-0.194422,-0.636318,0.553987,0.296978,0.182628,-0.003995,0.039106,3.097710,1613271407464
-0.219649,1.059648,0.173561,-0.005043,-0.197087,-0.637009,0.553987,0.296978,0.182628,-0.003995,0.039106,3.097710,1613271407477
-0.219649,1.059648,0.173561,-0.005043,-0.197087,-0.637009,0.553883,0.296941,0.182603,-0.006572,0.040206,3.098526,1613271407477
-0.219649,1.059648,0.173561,-0.005043,-0.197087,-0.637009,0.553936,0.296992,0.182594,-0.004852,0.039208,3.098098,1613271407485
-0.219657,1.059627,0.173543,-0.003264,-0.197500,-0.637923,0.553936,0.296992,0.182594,-0.004852,0.039208,3.098098,1613271407494
-0.219657,1.059627,0.173543,-0.003264,-0.197500,-0.637923,0.553535,0.296781,0.182900,-0.005213,0.055984,3.093964,1613271407494
-0.219655,1.059729,0.173520,-0.004955,-0.199375,-0.638931,0.553535,0.296781,0.182900,-0.005213,0.055984,3.093964,1613271407504
-0.219655,1.059729,0.173520,-0.004955,-0.199375,-0.638931,0.553629,0.296799,0.182879,-0.004823,0.053682,3.093688,1613271407504
-0.219674,1.059641,0.173523,-0.003039,-0.199080,-0.638759,0.553629,0.296799,0.182879,-0.004823,0.053682,3.093688,1613271407514
-0.219674,1.059641,0.173523,-0.003039,-0.199080,-0.638759,0.553934,0.297006,0.182615,-0.004370,0.038988,3.098018,1613271407514
-0.219682,1.059690,0.173529,-0.005114,-0.211735,-0.644026,0.553934,0.297006,0.182615,-0.004370,0.038988,3.098018,1613271407524
-0.219682,1.059690,0.173529,-0.005114,-0.211735,-0.644026,0.553613,0.296784,0.182861,-0.004759,0.054900,3.093825,1613271407524
-0.219694,1.059594,0.173563,-0.003297,-0.209666,-0.643136,0.553613,0.296784,0.182861,-0.004759,0.054900,3.093825,1613271407534
-0.219694,1.059594,0.173563,-0.003297,-0.209666,-0.643136,0.553967,0.297016,0.182594,-0.004135,0.038540,3.097777,1613271407534
-0.219706,1.059611,0.173546,-0.003189,-0.210574,-0.643691,0.553967,0.297016,0.182594,-0.004135,0.038540,3.097777,1613271407547
-0.219706,1.059611,0.173546,-0.003189,-0.210574,-0.643691,0.553995,0.297008,0.182588,-0.004000,0.038344,3.097716,1613271407547
-0.219706,1.059611,0.173546,-0.003189,-0.210574,-0.643691,0.553994,0.296970,0.182613,-0.004787,0.038032,3.097593,1613271407554
-0.219532,1.059708,0.173688,-0.007434,-0.219758,-0.638552,0.553994,0.296970,0.182613,-0.004787,0.038032,3.097593,1613271407564
-0.219532,1.059708,0.173688,-0.007434,-0.219758,-0.638552,0.553923,0.297012,0.182616,-0.003513,0.039488,3.097608,1613271407565
-0.219564,1.059747,0.173640,-0.007491,-0.221900,-0.639358,0.553923,0.297012,0.182616,-0.003513,0.039488,3.097608,1613271407574
-0.219564,1.059747,0.173640,-0.007491,-0.221900,-0.639358,0.554005,0.297033,0.182624,-0.003662,0.037852,3.098724,1613271407574
-0.219535,1.059762,0.173639,-0.007423,-0.220596,-0.638716,0.554005,0.297033,0.182624,-0.003662,0.037852,3.098724,1613271407584
-0.219535,1.059762,0.173639,-0.007423,-0.220596,-0.638716,0.553670,0.296792,0.182845,-0.004065,0.053758,3.092788,1613271407584
-0.219650,1.059787,0.173573,-0.006216,-0.224362,-0.637914,0.553670,0.296792,0.182845,-0.004065,0.053758,3.092788,1613271407594
-0.219650,1.059787,0.173573,-0.006216,-0.224362,-0.637914,0.553607,0.296829,0.182857,-0.004050,0.055027,3.093078,1613271407594
-0.219647,1.059813,0.173572,-0.007059,-0.224825,-0.637352,0.553607,0.296829,0.182857,-0.004050,0.055027,3.093078,1613271407604
-0.219647,1.059813,0.173572,-0.007059,-0.224825,-0.637352,0.553953,0.297040,0.182591,-0.003101,0.038641,3.097114,1613271407604
-0.219608,1.059819,0.173588,-0.007352,-0.226634,-0.635075,0.553953,0.297040,0.182591,-0.003101,0.038641,3.097114,1613271407620
-0.219608,1.059819,0.173588,-0.007352,-0.226634,-0.635075,0.553951,0.297066,0.182595,-0.003006,0.038877,3.097489,1613271407620
-0.219579,1.059816,0.173589,-0.008109,-0.224890,-0.636455,0.553951,0.297066,0.182595,-0.003006,0.038877,3.097489,1613271407629
-0.219579,1.059816,0.173589,-0.008109,-0.224890,-0.636455,0.553962,0.297064,0.182595,-0.002959,0.038750,3.097216,1613271407629
-0.219593,1.059765,0.173609,-0.006555,-0.223974,-0.636929,0.553962,0.297064,0.182595,-0.002959,0.038750,3.097216,1613271407640
-0.219593,1.059765,0.173609,-0.006555,-0.223974,-0.636929,0.553966,0.297103,0.182561,-0.002592,0.039227,3.097298,1613271407640
-0.219607,1.059668,0.173513,-0.004980,-0.198687,-0.638314,0.553966,0.297103,0.182561,-0.002592,0.039227,3.097298,1613271407649
-0.219607,1.059668,0.173513,-0.004980,-0.198687,-0.638314,0.553956,0.297015,0.182608,-0.003424,0.039086,3.097332,1613271407649
-0.219593,1.059576,0.173602,-0.004875,-0.208073,-0.643660,0.553956,0.297015,0.182608,-0.003424,0.039086,3.097332,1613271407663
-0.219593,1.059576,0.173602,-0.004875,-0.208073,-0.643660,0.553964,0.297053,0.182616,-0.002832,0.038956,3.098096,1613271407663
-0.219593,1.059576,0.173602,-0.004875,-0.208073,-0.643660,0.553679,0.296824,0.182908,-0.003612,0.052750,3.093240,1613271407670
-0.219648,1.059766,0.173605,-0.006389,-0.222917,-0.637961,0.553679,0.296824,0.182908,-0.003612,0.052750,3.093240,1613271407682
-0.219648,1.059766,0.173605,-0.006389,-0.222917,-0.637961,0.553647,0.296834,0.182864,-0.003757,0.053454,3.093373,1613271407682
-0.219563,1.059767,0.173652,-0.007078,-0.223586,-0.636136,0.553647,0.296834,0.182864,-0.003757,0.053454,3.093373,1613271407691
-0.219563,1.059767,0.173652,-0.007078,-0.223586,-0.636136,0.553929,0.297005,0.182607,-0.003863,0.039959,3.096760,1613271407691
-0.219638,1.059733,0.173600,-0.005638,-0.222792,-0.637131,0.553929,0.297005,0.182607,-0.003863,0.039959,3.096760,1613271407699
-0.219638,1.059733,0.173600,-0.005638,-0.222792,-0.637131,0.553581,0.296845,0.182854,-0.003611,0.055631,3.093684,1613271407699
-0.219679,1.059715,0.173459,-0.003923,-0.200154,-0.638678,0.553581,0.296845,0.182854,-0.003611,0.055631,3.093684,1613271407710
-0.219679,1.059715,0.173459,-0.003923,-0.200154,-0.638678,0.553939,0.297035,0.182577,-0.003331,0.039657,3.096715,1613271407710
-0.219651,1.059687,0.173489,-0.004420,-0.198778,-0.638842,0.553939,0.297035,0.182577,-0.003331,0.039657,3.096715,1613271407720
-0.219651,1.059687,0.173489,-0.004420,-0.198778,-0.638842,0.553922,0.297080,0.182583,-0.002818,0.040789,3.096360,1613271407720
-0.219651,1.059687,0.173489,-0.004420,-0.198778,-0.638842,0.553633,0.296803,0.182844,-0.004809,0.054380,3.092964,1613271407730
-0.219466,1.059775,0.173602,-0.008267,-0.226045,-0.634835,0.553633,0.296803,0.182844,-0.004809,0.054380,3.092964,1613271407739
-0.219466,1.059775,0.173602,-0.008267,-0.226045,-0.634835,0.553988,0.297025,0.182587,-0.003501,0.038642,3.097299,1613271407739
-0.219726,1.059620,0.173540,-0.002922,-0.210605,-0.642368,0.553988,0.297025,0.182587,-0.003501,0.038642,3.097299,1613271407753
-0.219726,1.059620,0.173540,-0.002922,-0.210605,-0.642368,0.553980,0.297025,0.182582,-0.003505,0.038340,3.097400,1613271407753
-0.219726,1.059620,0.173540,-0.002922,-0.210605,-0.642368,0.553597,0.296789,0.182903,-0.004685,0.054608,3.092379,1613271407759
-0.219647,1.059529,0.173616,-0.003951,-0.207988,-0.642438,0.553597,0.296789,0.182903,-0.004685,0.054608,3.092379,1613271407769
-0.219647,1.059529,0.173616,-0.003951,-0.207988,-0.642438,0.554007,0.297041,0.182649,-0.002968,0.037968,3.097108,1613271407769
-0.219471,1.059710,0.173661,-0.008424,-0.223502,-0.635245,0.554007,0.297041,0.182649,-0.002968,0.037968,3.097108,1613271407781
-0.219471,1.059710,0.173661,-0.008424,-0.223502,-0.635245,0.554040,0.296977,0.182595,-0.004540,0.037285,3.097697,1613271407781
-0.220617,1.059267,0.173051,0.018038,-0.247066,-0.628561,0.554040,0.296977,0.182595,-0.004540,0.037285,3.097697,1613271407790
-0.220617,1.059267,0.173051,0.018038,-0.247066,-0.628561,0.554002,0.297013,0.182606,-0.003704,0.037973,3.097510,1613271407790
-0.219631,1.059814,0.173541,-0.006651,-0.227402,-0.636004,0.554002,0.297013,0.182606,-0.003704,0.037973,3.097510,1613271407800
-0.219631,1.059814,0.173541,-0.006651,-0.227402,-0.636004,0.553894,0.297040,0.182584,-0.003739,0.040655,3.097612,1613271407800
-0.219636,1.059823,0.173514,-0.006798,-0.227754,-0.636063,0.553894,0.297040,0.182584,-0.003739,0.040655,3.097612,1613271407810
-0.219636,1.059823,0.173514,-0.006798,-0.227754,-0.636063,0.553993,0.297066,0.182582,-0.003070,0.037981,3.097494,1613271407810
-0.219676,1.059796,0.173511,-0.005542,-0.228221,-0.636057,0.553993,0.297066,0.182582,-0.003070,0.037981,3.097494,1613271407819
-0.219676,1.059796,0.173511,-0.005542,-0.228221,-0.636057,0.553966,0.297104,0.182577,-0.002364,0.038803,3.096456,1613271407819
-0.219751,1.059702,0.173447,-0.002774,-0.200420,-0.636315,0.553966,0.297104,0.182577,-0.002364,0.038803,3.096456,1613271407832
-0.219751,1.059702,0.173447,-0.002774,-0.200420,-0.636315,0.553725,0.296786,0.182855,-0.005166,0.052225,3.093192,1613271407832
-0.219751,1.059702,0.173447,-0.002774,-0.200420,-0.636315,0.553552,0.296832,0.182875,-0.003647,0.056222,3.093679,1613271407839
-0.219756,1.059612,0.173470,-0.001698,-0.200252,-0.638197,0.553552,0.296832,0.182875,-0.003647,0.056222,3.093679,1613271407851
-0.219756,1.059612,0.173470,-0.001698,-0.200252,-0.638197,0.553949,0.297041,0.182595,-0.002831,0.039498,3.097063,1613271407851
-0.219716,1.059582,0.173546,-0.003556,-0.210259,-0.642482,0.553949,0.297041,0.182595,-0.002831,0.039498,3.097063,1613271407860
-0.219772,1.059538,0.173552,-0.002172,-0.210633,-0.642723,0.553949,0.297041,0.182595,-0.002831,0.039498,3.097063,1613271407870
-0.219772,1.059538,0.173552,-0.002172,-0.210633,-0.642723,0.553859,0.296960,0.182610,-0.005215,0.040698,3.098198,1613271407870
-0.219612,1.059755,0.173630,-0.007318,-0.224444,-0.635173,0.553859,0.296960,0.182610,-0.005215,0.040698,3.098198,1613271407881
-0.219612,1.059755,0.173630,-0.007318,-0.224444,-0.635173,0.553568,0.296688,0.182880,-0.006767,0.055389,3.093837,1613271407881
-0.219612,1.059755,0.173630,-0.007318,-0.224444,-0.635173,0.553910,0.296942,0.182628,-0.006188,0.039581,3.097803,1613271407888
-0.219637,1.059745,0.173501,-0.005495,-0.199374,-0.639512,0.553910,0.296942,0.182628,-0.006188,0.039581,3.097803,1613271407896
-0.219681,1.059788,0.173441,-0.005383,-0.201272,-0.638358,0.553910,0.296942,0.182628,-0.006188,0.039581,3.097803,1613271407906
-0.219681,1.059788,0.173441,-0.005383,-0.201272,-0.638358,0.553897,0.296956,0.182613,-0.005535,0.040782,3.097590,1613271407906
-0.219645,1.059916,0.173518,-0.008909,-0.225799,-0.638763,0.553897,0.296956,0.182613,-0.005535,0.040782,3.097590,1613271407916
-0.219645,1.059916,0.173518,-0.008909,-0.225799,-0.638763,0.553859,0.297019,0.182578,-0.004558,0.041611,3.097455,1613271407916
-0.219611,1.059889,0.173586,-0.008663,-0.224065,-0.638994,0.553859,0.297019,0.182578,-0.004558,0.041611,3.097455,1613271407926
-0.219611,1.059889,0.173586,-0.008663,-0.224065,-0.638994,0.553424,0.296810,0.182821,-0.005307,0.058496,3.093644,1613271407926
-0.219611,1.059889,0.173586,-0.008663,-0.224065,-0.638994,0.553915,0.296986,0.182602,-0.004945,0.039611,3.098225,1613271407937
-0.219782,1.059847,0.173445,-0.004115,-0.197880,-0.632665,0.553915,0.296986,0.182602,-0.004945,0.039611,3.098225,1613271407943
-0.219782,1.059847,0.173445,-0.004115,-0.197880,-0.632665,0.553925,0.296993,0.182597,-0.004321,0.039456,3.097610,1613271407943
-0.219672,1.059725,0.173545,-0.004965,-0.194057,-0.631076,0.553925,0.296993,0.182597,-0.004321,0.039456,3.097610,1613271407954
-0.219672,1.059725,0.173545,-0.004965,-0.194057,-0.631076,0.553613,0.296731,0.182945,-0.005012,0.053886,3.093663,1613271407954
-0.219670,1.059730,0.173552,-0.005055,-0.194564,-0.631639,0.553613,0.296731,0.182945,-0.005012,0.053886,3.093663,1613271407964
-0.219670,1.059730,0.173552,-0.005055,-0.194564,-0.631639,0.554013,0.296988,0.182652,-0.003764,0.037896,3.098289,1613271407964
-0.219715,1.059608,0.173579,-0.004217,-0.209710,-0.643498,0.554013,0.296988,0.182652,-0.003764,0.037896,3.098289,1613271407973
-0.219715,1.059608,0.173579,-0.004217,-0.209710,-0.643498,0.554071,0.296945,0.182622,-0.005126,0.035728,3.098120,1613271407973
-0.219565,1.059732,0.173627,-0.007053,-0.225689,-0.635568,0.554071,0.296945,0.182622,-0.005126,0.035728,3.098120,1613271407983
-0.219565,1.059732,0.173627,-0.007053,-0.225689,-0.635568,0.553917,0.297076,0.182605,-0.003488,0.039425,3.097991,1613271407983
-0.220675,1.059283,0.173044,0.018375,-0.248499,-0.629149,0.553917,0.297076,0.182605,-0.003488,0.039425,3.097991,1613271407993
-0.220675,1.059283,0.173044,0.018375,-0.248499,-0.629149,0.553940,0.297077,0.182572,-0.003569,0.039124,3.097800,1613271407993
-0.220675,1.059283,0.173044,0.018375,-0.248499,-0.629149,0.553567,0.296863,0.182862,-0.003475,0.055735,3.092768,1613271408007
-0.226872,1.058811,0.168752,0.166728,-0.374638,-0.652899,0.553567,0.296863,0.182862,-0.003475,0.055735,3.092768,1613271408016
-0.226872,1.058811,0.168752,0.166728,-0.374638,-0.652899,0.553950,0.297082,0.182558,-0.002924,0.040093,3.096861,1613271408016
-0.219647,1.059764,0.173477,-0.006505,-0.199131,-0.636195,0.553950,0.297082,0.182558,-0.002924,0.040093,3.096861,1613271408026
-0.219647,1.059764,0.173477,-0.006505,-0.199131,-0.636195,0.553976,0.297057,0.182551,-0.003852,0.039564,3.096320,1613271408026
-0.219619,1.059694,0.173528,-0.006140,-0.197371,-0.637039,0.553976,0.297057,0.182551,-0.003852,0.039564,3.096320,1613271408037
-0.219619,1.059694,0.173528,-0.006140,-0.197371,-0.637039,0.553996,0.297031,0.182608,-0.002944,0.038085,3.096905,1613271408037
-0.219617,1.059613,0.173561,-0.005725,-0.195531,-0.635597,0.553996,0.297031,0.182608,-0.002944,0.038085,3.096905,1613271408046
-0.219617,1.059613,0.173561,-0.005725,-0.195531,-0.635597,0.553925,0.297015,0.182602,-0.003944,0.039185,3.097042,1613271408046
-0.219515,1.059666,0.173710,-0.008335,-0.222667,-0.632289,0.553925,0.297015,0.182602,-0.003944,0.039185,3.097042,1613271408059
-0.219515,1.059666,0.173710,-0.008335,-0.222667,-0.632289,0.553993,0.297040,0.182620,-0.003165,0.037086,3.097307,1613271408059
-0.219515,1.059666,0.173710,-0.008335,-0.222667,-0.632289,0.554047,0.297078,0.182638,-0.002284,0.035916,3.097504,1613271408066
-0.219515,1.059666,0.173710,-0.008335,-0.222667,-0.632289,0.553973,0.297050,0.182601,-0.003354,0.038575,3.097801,1613271408076
-0.219466,1.059752,0.173672,-0.008174,-0.221692,-0.636120,0.553973,0.297050,0.182601,-0.003354,0.038575,3.097801,1613271408087
-0.219466,1.059752,0.173672,-0.008174,-0.221692,-0.636120,0.554012,0.297084,0.182592,-0.003138,0.036870,3.098319,1613271408087
-0.219583,1.059740,0.173528,-0.006635,-0.198267,-0.638062,0.554012,0.297084,0.182592,-0.003138,0.036870,3.098319,1613271408097
-0.219583,1.059740,0.173528,-0.006635,-0.198267,-0.638062,0.554120,0.297080,0.182558,-0.003217,0.034791,3.097874,1613271408097
-0.219594,1.059763,0.173471,-0.005618,-0.198136,-0.638499,0.554120,0.297080,0.182558,-0.003217,0.034791,3.097874,1613271408106
-0.219594,1.059763,0.173471,-0.005618,-0.198136,-0.638499,0.553759,0.296875,0.182809,-0.003104,0.051189,3.092525,1613271408106
-0.225275,1.057428,0.170084,0.118369,-0.349186,-0.607414,0.553759,0.296875,0.182809,-0.003104,0.051189,3.092525,1613271408116
-0.225275,1.057428,0.170084,0.118369,-0.349186,-0.607414,0.554004,0.297133,0.182548,-0.002280,0.038891,3.097693,1613271408116
-0.226441,1.057913,0.169026,0.173205,-0.377803,-0.651865,0.554004,0.297133,0.182548,-0.002280,0.038891,3.097693,1613271408127
-0.226441,1.057913,0.169026,0.173205,-0.377803,-0.651865,0.553651,0.296829,0.182894,-0.003992,0.053959,3.093787,1613271408127
-0.226470,1.057887,0.168999,0.172608,-0.378991,-0.650364,0.553651,0.296829,0.182894,-0.003992,0.053959,3.093787,1613271408136
-0.226470,1.057887,0.168999,0.172608,-0.378991,-0.650364,0.553933,0.297025,0.182577,-0.004004,0.040247,3.097145,1613271408136
-0.219588,1.059456,0.173704,-0.004802,-0.205347,-0.641687,0.553933,0.297025,0.182577,-0.004004,0.040247,3.097145,1613271408146
-0.219588,1.059456,0.173704,-0.004802,-0.205347,-0.641687,0.553997,0.297025,0.182648,-0.003113,0.037961,3.097086,1613271408146
-0.219557,1.059518,0.173670,-0.005045,-0.195138,-0.636572,0.553997,0.297025,0.182648,-0.003113,0.037961,3.097086,1613271408158
-0.219557,1.059518,0.173670,-0.005045,-0.195138,-0.636572,0.554016,0.297054,0.182661,-0.002427,0.037943,3.097607,1613271408158
-0.219567,1.059456,0.173651,-0.003444,-0.194404,-0.635966,0.554016,0.297054,0.182661,-0.002427,0.037943,3.097607,1613271408167
-0.219567,1.059456,0.173651,-0.003444,-0.194404,-0.635966,0.553564,0.296784,0.182900,-0.004463,0.055604,3.092272,1613271408167
-0.219629,1.059674,0.173629,-0.005454,-0.221919,-0.637311,0.553564,0.296784,0.182900,-0.004463,0.055604,3.092272,1613271408177
-0.219629,1.059674,0.173629,-0.005454,-0.221919,-0.637311,0.553929,0.296997,0.182580,-0.003946,0.040460,3.098063,1613271408177
-0.219662,1.059637,0.173509,-0.004039,-0.198965,-0.636873,0.553929,0.296997,0.182580,-0.003946,0.040460,3.098063,1613271408188
-0.219662,1.059637,0.173509,-0.004039,-0.198965,-0.636873,0.553563,0.296787,0.182854,-0.004987,0.056099,3.093810,1613271408188
-0.219662,1.059637,0.173509,-0.004039,-0.198965,-0.636873,0.553598,0.296903,0.182852,-0.002878,0.054828,3.093002,1613271408198
-0.219677,1.059885,0.173431,-0.006715,-0.196695,-0.631533,0.553598,0.296903,0.182852,-0.002878,0.054828,3.093002,1613271408207
-0.219677,1.059885,0.173431,-0.006715,-0.196695,-0.631533,0.553971,0.297069,0.182607,-0.003210,0.039549,3.096753,1613271408207
-0.219767,1.059807,0.173465,-0.003762,-0.197831,-0.630884,0.553971,0.297069,0.182607,-0.003210,0.039549,3.096753,1613271408217
-0.219767,1.059807,0.173465,-0.003762,-0.197831,-0.630884,0.554012,0.297080,0.182558,-0.002759,0.038953,3.096876,1613271408217
-0.219462,1.059741,0.173646,-0.007848,-0.225921,-0.635447,0.554012,0.297080,0.182558,-0.002759,0.038953,3.096876,1613271408227
-0.219694,1.059756,0.173497,-0.004737,-0.196670,-0.633016,0.554012,0.297080,0.182558,-0.002759,0.038953,3.096876,1613271408236
-0.219694,1.059756,0.173497,-0.004737,-0.196670,-0.633016,0.553947,0.296972,0.182618,-0.004931,0.038819,3.098007,1613271408236
-0.219561,1.059791,0.173658,-0.008434,-0.226872,-0.633852,0.553947,0.296972,0.182618,-0.004931,0.038819,3.098007,1613271408246
-0.219561,1.059791,0.173658,-0.008434,-0.226872,-0.633852,0.553821,0.296923,0.182592,-0.006234,0.042258,3.098376,1613271408246
-0.219679,1.059656,0.173549,-0.004190,-0.195359,-0.633458,0.553821,0.296923,0.182592,-0.006234,0.042258,3.098376,1613271408256
-0.219679,1.059656,0.173549,-0.004190,-0.195359,-0.633458,0.553972,0.296937,0.182579,-0.006082,0.038027,3.098076,1613271408257
-0.219551,1.059730,0.173646,-0.007050,-0.224487,-0.635845,0.553972,0.296937,0.182579,-0.006082,0.038027,3.098076,1613271408269
-0.219551,1.059730,0.173646,-0.007050,-0.224487,-0.635845,0.553915,0.296974,0.182595,-0.005724,0.039506,3.098297,1613271408269
-0.219551,1.059730,0.173646,-0.007050,-0.224487,-0.635845,0.553987,0.297007,0.182587,-0.004757,0.037562,3.098580,1613271408276
-0.219664,1.059674,0.173520,-0.003350,-0.197477,-0.636800,0.553987,0.297007,0.182587,-0.004757,0.037562,3.098580,1613271408286
-0.219664,1.059674,0.173520,-0.003350,-0.197477,-0.636800,0.553966,0.297026,0.182541,-0.004354,0.038459,3.098336,1613271408286
-0.219645,1.059702,0.173505,-0.004279,-0.198363,-0.638422,0.553966,0.297026,0.182541,-0.004354,0.038459,3.098336,1613271408296
-0.219668,1.059677,0.173485,-0.003157,-0.198441,-0.637975,0.553966,0.297026,0.182541,-0.004354,0.038459,3.098336,1613271408307
-0.219668,1.059677,0.173485,-0.003157,-0.198441,-0.637975,0.553526,0.296753,0.182883,-0.006005,0.056753,3.094393,1613271408307
-0.219654,1.059781,0.173588,-0.005816,-0.225519,-0.636131,0.553526,0.296753,0.182883,-0.006005,0.056753,3.094393,1613271408316
-0.219654,1.059781,0.173588,-0.005816,-0.225519,-0.636131,0.553901,0.296953,0.182612,-0.005611,0.040160,3.098207,1613271408316
-0.220702,1.059306,0.173042,0.018411,-0.247443,-0.628563,0.553901,0.296953,0.182612,-0.005611,0.040160,3.098207,1613271408326
-0.220702,1.059306,0.173042,0.018411,-0.247443,-0.628563,0.553922,0.296993,0.182624,-0.005110,0.039485,3.098121,1613271408326
-0.219692,1.059700,0.173562,-0.004047,-0.225568,-0.636039,0.553922,0.296993,0.182624,-0.005110,0.039485,3.098121,1613271408336
-0.219692,1.059700,0.173562,-0.004047,-0.225568,-0.636039,0.553939,0.297009,0.182635,-0.004745,0.039519,3.098696,1613271408336
-0.219749,1.059617,0.173460,-0.001422,-0.200951,-0.638182,0.553939,0.297009,0.182635,-0.004745,0.039519,3.098696,1613271408348
-0.219749,1.059617,0.173460,-0.001422,-0.200951,-0.638182,0.553985,0.296983,0.182614,-0.004471,0.038458,3.097807,1613271408348
-0.219653,1.059643,0.173479,-0.003505,-0.199769,-0.636739,0.553985,0.296983,0.182614,-0.004471,0.038458,3.097807,1613271408359
-0.219653,1.059643,0.173479,-0.003505,-0.199769,-0.636739,0.553582,0.296776,0.182889,-0.005224,0.055650,3.093638,1613271408359
-0.219686,1.059660,0.173470,-0.002501,-0.199470,-0.638599,0.553582,0.296776,0.182889,-0.005224,0.055650,3.093638,1613271408366
-0.219686,1.059660,0.173470,-0.002501,-0.199470,-0.638599,0.553581,0.296804,0.182863,-0.004386,0.055798,3.094122,1613271408366
-0.219762,1.059643,0.173453,-0.001361,-0.200398,-0.637451,0.553581,0.296804,0.182863,-0.004386,0.055798,3.094122,1613271408376
-0.219762,1.059643,0.173453,-0.001361,-0.200398,-0.637451,0.554003,0.296996,0.182574,-0.004534,0.038008,3.097670,1613271408376
-0.219806,1.059855,0.173542,-0.005016,-0.230237,-0.634915,0.554003,0.296996,0.182574,-0.004534,0.038008,3.097670,1613271408386
-0.219806,1.059855,0.173542,-0.005016,-0.230237,-0.634915,0.553914,0.297028,0.182604,-0.003857,0.039267,3.097635,1613271408386
-0.219733,1.059768,0.173587,-0.004518,-0.225691,-0.637497,0.553914,0.297028,0.182604,-0.003857,0.039267,3.097635,1613271408399
-0.219903,1.058589,0.173712,0.008348,-0.226311,-0.691857,0.553914,0.297028,0.182604,-0.003857,0.039267,3.097635,1613271408407
-0.219903,1.058589,0.173712,0.008348,-0.226311,-0.691857,0.553988,0.296952,0.182585,-0.005439,0.037630,3.098082,1613271408407
-0.219760,1.059797,0.173433,-0.003221,-0.197752,-0.632751,0.553988,0.296952,0.182585,-0.005439,0.037630,3.098082,1613271408416
-0.219760,1.059797,0.173433,-0.003221,-0.197752,-0.632751,0.554036,0.296959,0.182584,-0.005044,0.037260,3.097961,1613271408416
-0.219726,1.059866,0.173439,-0.005220,-0.197524,-0.631478,0.554036,0.296959,0.182584,-0.005044,0.037260,3.097961,1613271408425
-0.219726,1.059866,0.173439,-0.005220,-0.197524,-0.631478,0.553615,0.296756,0.182888,-0.005136,0.054183,3.093585,1613271408425
-0.219726,1.059866,0.173439,-0.005220,-0.197524,-0.631478,0.553573,0.296781,0.182912,-0.005263,0.055353,3.094000,1613271408436
-0.219726,1.059866,0.173439,-0.005220,-0.197524,-0.631478,0.553926,0.296970,0.182597,-0.005278,0.039507,3.098349,1613271408446
-0.214113,1.048658,0.174064,0.022111,-0.055340,-0.858228,0.553926,0.296970,0.182597,-0.005278,0.039507,3.098349,1613271408456
-0.214113,1.048658,0.174064,0.022111,-0.055340,-0.858228,0.553603,0.296801,0.182878,-0.004882,0.054322,3.093913,1613271408456
-0.214236,1.048742,0.174033,0.024000,-0.058008,-0.859092,0.553603,0.296801,0.182878,-0.004882,0.054322,3.093913,1613271408466
-0.214236,1.048742,0.174033,0.024000,-0.058008,-0.859092,0.553860,0.296965,0.182592,-0.005022,0.041918,3.097492,1613271408466
-0.214252,1.048758,0.174027,0.023524,-0.058357,-0.858668,0.553860,0.296965,0.182592,-0.005022,0.041918,3.097492,1613271408476
-0.214252,1.048758,0.174027,0.023524,-0.058357,-0.858668,0.553955,0.297017,0.182581,-0.003984,0.038436,3.097832,1613271408476
-0.214190,1.048637,0.174006,0.024466,-0.055635,-0.858029,0.553955,0.297017,0.182581,-0.003984,0.038436,3.097832,1613271408486
-0.214190,1.048637,0.174006,0.024466,-0.055635,-0.858029,0.553989,0.297004,0.182598,-0.004026,0.038115,3.097424,1613271408486
-0.214191,1.048745,0.174024,0.022535,-0.056837,-0.857762,0.553989,0.297004,0.182598,-0.004026,0.038115,3.097424,1613271408497
-0.214170,1.048748,0.173996,0.022166,-0.056375,-0.857969,0.553989,0.297004,0.182598,-0.004026,0.038115,3.097424,1613271408507
-0.214170,1.048748,0.173996,0.022166,-0.056375,-0.857969,0.553958,0.297029,0.182594,-0.004907,0.038641,3.098118,1613271408507
-0.214094,1.048717,0.173975,0.021662,-0.055152,-0.857755,0.553958,0.297029,0.182594,-0.004907,0.038641,3.098118,1613271408516
-0.214094,1.048717,0.173975,0.021662,-0.055152,-0.857755,0.553474,0.296776,0.182861,-0.005560,0.058091,3.093999,1613271408516
-0.214191,1.048703,0.174017,0.023322,-0.056123,-0.858306,0.553474,0.296776,0.182861,-0.005560,0.058091,3.093999,1613271408526
-0.214191,1.048703,0.174017,0.023322,-0.056123,-0.858306,0.553856,0.296986,0.182600,-0.005022,0.041189,3.098014,1613271408526
-0.214221,1.048694,0.174018,0.024389,-0.056801,-0.858302,0.553856,0.296986,0.182600,-0.005022,0.041189,3.098014,1613271408537
-0.214221,1.048694,0.174018,0.024389,-0.056801,-0.858302,0.553867,0.297011,0.182626,-0.004513,0.040981,3.098342,1613271408537
-0.214170,1.048659,0.174011,0.023404,-0.055500,-0.858124,0.553867,0.297011,0.182626,-0.004513,0.040981,3.098342,1613271408547
-0.214170,1.048659,0.174011,0.023404,-0.055500,-0.858124,0.553890,0.296904,0.182601,-0.006319,0.040844,3.098056,1613271408547
-0.214170,1.048659,0.174011,0.023404,-0.055500,-0.858124,0.553956,0.296999,0.182590,-0.004605,0.039430,3.098464,1613271408556
-0.214307,1.048651,0.174063,0.024935,-0.057455,-0.858312,0.553956,0.296999,0.182590,-0.004605,0.039430,3.098464,1613271408567
-0.214307,1.048651,0.174063,0.024935,-0.057455,-0.858312,0.553663,0.296800,0.182876,-0.005446,0.053129,3.093835,1613271408567
-0.214218,1.048683,0.174026,0.023555,-0.056367,-0.857350,0.553663,0.296800,0.182876,-0.005446,0.053129,3.093835,1613271408577
-0.214218,1.048683,0.174026,0.023555,-0.056367,-0.857350,0.553898,0.297043,0.182593,-0.003831,0.039959,3.097637,1613271408577
-0.214206,1.048650,0.174012,0.024500,-0.056296,-0.858217,0.553898,0.297043,0.182593,-0.003831,0.039959,3.097637,1613271408587
-0.214206,1.048650,0.174012,0.024500,-0.056296,-0.858217,0.553627,0.296801,0.182866,-0.004998,0.053922,3.094040,1613271408587
-0.214165,1.048634,0.174026,0.023968,-0.054972,-0.858451,0.553627,0.296801,0.182866,-0.004998,0.053922,3.094040,1613271408598
-0.214165,1.048634,0.174026,0.023968,-0.054972,-0.858451,0.554012,0.297068,0.182585,-0.003448,0.037961,3.098251,1613271408598
-0.214165,1.048634,0.174026,0.023968,-0.054972,-0.858451,0.553563,0.296913,0.182854,-0.002810,0.056334,3.092514,1613271408606
-0.214075,1.048703,0.173976,0.021780,-0.054815,-0.857749,0.553563,0.296913,0.182854,-0.002810,0.056334,3.092514,1613271408619
-0.214075,1.048703,0.173976,0.021780,-0.054815,-0.857749,0.553886,0.297098,0.182570,-0.002194,0.040890,3.096236,1613271408619
-0.214075,1.048703,0.173976,0.021780,-0.054815,-0.857749,0.553934,0.297059,0.182574,-0.003332,0.039971,3.097798,1613271408627
-0.214085,1.048762,0.173973,0.020984,-0.055573,-0.858589,0.553934,0.297059,0.182574,-0.003332,0.039971,3.097798,1613271408636
-0.214085,1.048762,0.173973,0.020984,-0.055573,-0.858589,0.553916,0.297075,0.182607,-0.002535,0.039971,3.096564,1613271408636
-0.214047,1.048637,0.174034,0.020552,-0.053895,-0.857668,0.553916,0.297075,0.182607,-0.002535,0.039971,3.096564,1613271408646
-0.214047,1.048637,0.174034,0.020552,-0.053895,-0.857668,0.553933,0.297045,0.182564,-0.003381,0.039736,3.098038,1613271408646
-0.214104,1.048657,0.174056,0.021103,-0.055107,-0.857736,0.553933,0.297045,0.182564,-0.003381,0.039736,3.098038,1613271408657
-0.214104,1.048657,0.174056,0.021103,-0.055107,-0.857736,0.553978,0.297078,0.182588,-0.002876,0.038109,3.097438,1613271408657
-0.214108,1.048725,0.174070,0.021728,-0.056164,-0.858409,0.553978,0.297078,0.182588,-0.002876,0.038109,3.097438,1613271408673
-0.214108,1.048725,0.174070,0.021728,-0.056164,-0.858409,0.553619,0.296856,0.182882,-0.003397,0.054731,3.093429,1613271408673
-0.214108,1.048725,0.174070,0.021728,-0.056164,-0.858409,0.553624,0.296826,0.182893,-0.003835,0.054143,3.093297,1613271408676
-0.214063,1.048743,0.173938,0.020998,-0.056012,-0.858615,0.553624,0.296826,0.182893,-0.003835,0.054143,3.093297,1613271408687
-0.214063,1.048743,0.173938,0.020998,-0.056012,-0.858615,0.553918,0.297096,0.182580,-0.002543,0.040567,3.096505,1613271408687
-0.214262,1.048717,0.173970,0.024681,-0.057061,-0.857656,0.553918,0.297096,0.182580,-0.002543,0.040567,3.096505,1613271408697
-0.214262,1.048717,0.173970,0.024681,-0.057061,-0.857656,0.553588,0.296900,0.182835,-0.003799,0.055112,3.093142,1613271408697
-0.214260,1.048712,0.173974,0.024837,-0.057164,-0.858330,0.553588,0.296900,0.182835,-0.003799,0.055112,3.093142,1613271408707
-0.214260,1.048712,0.173974,0.024837,-0.057164,-0.858330,0.554061,0.297085,0.182573,-0.003227,0.036651,3.096856,1613271408707
-0.214118,1.048685,0.173964,0.022318,-0.055645,-0.858154,0.554061,0.297085,0.182573,-0.003227,0.036651,3.096856,1613271408716
-0.214118,1.048685,0.173964,0.022318,-0.055645,-0.858154,0.553887,0.297060,0.182558,-0.002920,0.041074,3.096371,1613271408716
-0.214168,1.048700,0.174018,0.023475,-0.056361,-0.858556,0.553887,0.297060,0.182558,-0.002920,0.041074,3.096371,1613271408727
-0.214168,1.048700,0.174018,0.023475,-0.056361,-0.858556,0.553647,0.296849,0.182860,-0.003490,0.054080,3.093634,1613271408727
-0.214154,1.048737,0.174078,0.021248,-0.057227,-0.858130,0.553647,0.296849,0.182860,-0.003490,0.054080,3.093634,1613271408737
-0.214154,1.048737,0.174078,0.021248,-0.057227,-0.858130,0.553598,0.296802,0.182925,-0.003618,0.054924,3.093200,1613271408737
-0.214143,1.048603,0.174098,0.022938,-0.054819,-0.858099,0.553598,0.296802,0.182925,-0.003618,0.054924,3.093200,1613271408746
-0.214143,1.048603,0.174098,0.022938,-0.054819,-0.858099,0.553927,0.296999,0.182633,-0.003301,0.039227,3.096494,1613271408746
-0.214190,1.048657,0.174072,0.022763,-0.056922,-0.858265,0.553927,0.296999,0.182633,-0.003301,0.039227,3.096494,1613271408757
-0.214190,1.048657,0.174072,0.022763,-0.056922,-0.858265,0.554033,0.297006,0.182643,-0.003344,0.037105,3.096594,1613271408757
-0.214253,1.048697,0.174065,0.023777,-0.056929,-0.858906,0.554033,0.297006,0.182643,-0.003344,0.037105,3.096594,1613271408768
-0.214253,1.048697,0.174065,0.023777,-0.056929,-0.858906,0.554001,0.297075,0.182618,-0.002984,0.038154,3.097328,1613271408768
-0.214253,1.048697,0.174065,0.023777,-0.056929,-0.858906,0.554054,0.297046,0.182542,-0.003787,0.036425,3.096857,1613271408777
-0.214048,1.048705,0.173953,0.021588,-0.054879,-0.858071,0.554054,0.297046,0.182542,-0.003787,0.036425,3.096857,1613271408786
-0.214048,1.048705,0.173953,0.021588,-0.054879,-0.858071,0.553926,0.297100,0.182535,-0.002477,0.040751,3.097884,1613271408786
-0.214070,1.048758,0.173981,0.020780,-0.055599,-0.858079,0.553926,0.297100,0.182535,-0.002477,0.040751,3.097884,1613271408796
-0.214070,1.048758,0.173981,0.020780,-0.055599,-0.858079,0.553966,0.297129,0.182548,-0.002116,0.039014,3.097848,1613271408796
-0.214120,1.048799,0.173977,0.021411,-0.057402,-0.858060,0.553966,0.297129,0.182548,-0.002116,0.039014,3.097848,1613271408810
-0.214120,1.048799,0.173977,0.021411,-0.057402,-0.858060,0.553972,0.297086,0.182562,-0.003107,0.038870,3.097578,1613271408810
-0.214120,1.048799,0.173977,0.021411,-0.057402,-0.858060,0.553914,0.297073,0.182544,-0.003506,0.039776,3.098011,1613271408816
-0.214206,1.048655,0.174020,0.024629,-0.056426,-0.858618,0.553914,0.297073,0.182544,-0.003506,0.039776,3.098011,1613271408826
-0.214206,1.048655,0.174020,0.024629,-0.056426,-0.858618,0.553991,0.297112,0.182570,-0.002490,0.037148,3.097589,1613271408826
-0.214178,1.048654,0.174107,0.022302,-0.054928,-0.858558,0.553991,0.297112,0.182570,-0.002490,0.037148,3.097589,1613271408837
-0.214178,1.048654,0.174107,0.022302,-0.054928,-0.858558,0.553975,0.297078,0.182577,-0.003508,0.037395,3.097524,1613271408837
-0.214178,1.048654,0.174107,0.022302,-0.054928,-0.858558,0.553961,0.297089,0.182579,-0.002703,0.037415,3.097232,1613271408846
-0.214115,1.048683,0.174056,0.021435,-0.055809,-0.857918,0.553961,0.297089,0.182579,-0.002703,0.037415,3.097232,1613271408856
-0.214115,1.048683,0.174056,0.021435,-0.055809,-0.857918,0.554034,0.297031,0.182555,-0.004242,0.035606,3.097555,1613271408856
-0.214164,1.048671,0.174013,0.023823,-0.056302,-0.858152,0.554034,0.297031,0.182555,-0.004242,0.035606,3.097555,1613271408866
-0.214164,1.048671,0.174013,0.023823,-0.056302,-0.858152,0.553992,0.297090,0.182561,-0.002923,0.037421,3.097296,1613271408866
-0.214218,1.048693,0.174016,0.024324,-0.056880,-0.858426,0.553992,0.297090,0.182561,-0.002923,0.037421,3.097296,1613271408878
-0.214218,1.048693,0.174016,0.024324,-0.056880,-0.858426,0.554057,0.297075,0.182541,-0.003219,0.036181,3.098937,1613271408879
-0.214218,1.048693,0.174016,0.024324,-0.056880,-0.858426,0.554036,0.297124,0.182516,-0.002917,0.035540,3.097223,1613271408884
-0.214175,1.048685,0.174010,0.022990,-0.055666,-0.857835,0.554036,0.297124,0.182516,-0.002917,0.035540,3.097223,1613271408894
-0.214175,1.048685,0.174010,0.022990,-0.055666,-0.857835,0.553998,0.297154,0.182517,-0.002276,0.036069,3.098371,1613271408894
-0.214228,1.048733,0.174016,0.023657,-0.057314,-0.857708,0.553998,0.297154,0.182517,-0.002276,0.036069,3.098371,1613271408905
-0.214228,1.048733,0.174016,0.023657,-0.057314,-0.857708,0.554006,0.297213,0.182530,-0.001688,0.036712,3.097649,1613271408905
-0.214178,1.048656,0.174017,0.023835,-0.055885,-0.857928,0.554006,0.297213,0.182530,-0.001688,0.036712,3.097649,1613271408914
-0.214075,1.048656,0.174060,0.022095,-0.054594,-0.857569,0.554006,0.297213,0.182530,-0.001688,0.036712,3.097649,1613271408924
-0.214075,1.048656,0.174060,0.022095,-0.054594,-0.857569,0.554001,0.297004,0.182544,-0.005039,0.036879,3.099454,1613271408924
-0.214075,1.048656,0.174060,0.022095,-0.054594,-0.857569,0.553962,0.297019,0.182566,-0.004983,0.038119,3.098866,1613271408933
-0.214120,1.048643,0.174061,0.021447,-0.055199,-0.857965,0.553962,0.297019,0.182566,-0.004983,0.038119,3.098866,1613271408943
-0.214120,1.048643,0.174061,0.021447,-0.055199,-0.857965,0.553923,0.296962,0.182525,-0.006236,0.038261,3.099121,1613271408943
-0.214120,1.048683,0.174031,0.021931,-0.056099,-0.858621,0.553923,0.296962,0.182525,-0.006236,0.038261,3.099121,1613271408953
-0.214120,1.048683,0.174031,0.021931,-0.056099,-0.858621,0.554018,0.297009,0.182518,-0.005264,0.035456,3.098832,1613271408953
-0.215402,1.048462,0.173611,0.052781,-0.079833,-0.851990,0.554018,0.297009,0.182518,-0.005264,0.035456,3.098832,1613271408964
-0.215402,1.048462,0.173611,0.052781,-0.079833,-0.851990,0.553942,0.297031,0.182561,-0.004694,0.037047,3.098214,1613271408964
-0.214307,1.048716,0.173967,0.025433,-0.058884,-0.857094,0.553942,0.297031,0.182561,-0.004694,0.037047,3.098214,1613271408973
-0.214307,1.048716,0.173967,0.025433,-0.058884,-0.857094,0.553561,0.296768,0.182882,-0.005879,0.055091,3.094096,1613271408973
-0.214257,1.048658,0.173962,0.025524,-0.058156,-0.857468,0.553561,0.296768,0.182882,-0.005879,0.055091,3.094096,1613271408983
-0.214257,1.048658,0.173962,0.025524,-0.058156,-0.857468,0.553863,0.297046,0.182602,-0.003607,0.041550,3.097859,1613271408983
-0.214323,1.048703,0.173965,0.026268,-0.059171,-0.857345,0.553863,0.297046,0.182602,-0.003607,0.041550,3.097859,1613271408997
-0.214323,1.048703,0.173965,0.026268,-0.059171,-0.857345,0.553821,0.297067,0.182539,-0.003826,0.042826,3.096994,1613271408997
-0.214234,1.048758,0.173930,0.024061,-0.058545,-0.857288,0.553821,0.297067,0.182539,-0.003826,0.042826,3.096994,1613271409007
-0.214234,1.048758,0.173930,0.024061,-0.058545,-0.857288,0.553634,0.296850,0.182868,-0.004013,0.054163,3.093789,1613271409007
-0.214296,1.048609,0.173971,0.026792,-0.057280,-0.858006,0.553634,0.296850,0.182868,-0.004013,0.054163,3.093789,1613271409016
-0.214296,1.048609,0.173971,0.026792,-0.057280,-0.858006,0.553924,0.297106,0.182577,-0.002469,0.039899,3.097765,1613271409016
-0.214344,1.048656,0.173984,0.026929,-0.058560,-0.857668,0.553924,0.297106,0.182577,-0.002469,0.039899,3.097765,1613271409026
-0.214344,1.048656,0.173984,0.026929,-0.058560,-0.857668,0.553971,0.297015,0.182582,-0.003760,0.038554,3.097696,1613271409026
-0.214230,1.048667,0.174017,0.023931,-0.056577,-0.857843,0.553971,0.297015,0.182582,-0.003760,0.038554,3.097696,1613271409036
-0.214230,1.048667,0.174017,0.023931,-0.056577,-0.857843,0.554009,0.297074,0.182593,-0.002779,0.038275,3.097780,1613271409036
-0.214267,1.048692,0.174086,0.023696,-0.058634,-0.857728,0.554009,0.297074,0.182593,-0.002779,0.038275,3.097780,1613271409046
-0.214267,1.048692,0.174086,0.023696,-0.058634,-0.857728,0.554040,0.296987,0.182615,-0.004615,0.036657,3.097373,1613271409046
-0.214239,1.048566,0.174125,0.024692,-0.056035,-0.858650,0.554040,0.296987,0.182615,-0.004615,0.036657,3.097373,1613271409059
-0.214239,1.048566,0.174125,0.024692,-0.056035,-0.858650,0.553928,0.296985,0.182593,-0.003625,0.039502,3.095962,1613271409059
-0.214239,1.048566,0.174125,0.024692,-0.056035,-0.858650,0.553907,0.297041,0.182592,-0.003324,0.039765,3.097088,1613271409066
-0.214150,1.048767,0.173993,0.021822,-0.056501,-0.857993,0.553907,0.297041,0.182592,-0.003324,0.039765,3.097088,1613271409076
-0.214150,1.048767,0.173993,0.021822,-0.056501,-0.857993,0.553940,0.297074,0.182549,-0.003201,0.038658,3.098197,1613271409076
-0.214157,1.048647,0.173967,0.024014,-0.055388,-0.858307,0.553940,0.297074,0.182549,-0.003201,0.038658,3.098197,1613271409087
-0.214157,1.048647,0.173967,0.024014,-0.055388,-0.858307,0.553899,0.297069,0.182522,-0.003294,0.040183,3.098129,1613271409087
-0.214106,1.048716,0.173957,0.022148,-0.055851,-0.857956,0.553899,0.297069,0.182522,-0.003294,0.040183,3.098129,1613271409096
-0.214106,1.048716,0.173957,0.022148,-0.055851,-0.857956,0.554003,0.297122,0.182543,-0.002545,0.037322,3.096883,1613271409096
-0.214005,1.048762,0.173984,0.020857,-0.053611,-0.858187,0.554003,0.297122,0.182543,-0.002545,0.037322,3.096883,1613271409110
-0.214005,1.048762,0.173984,0.020857,-0.053611,-0.858187,0.554102,0.297093,0.182529,-0.003330,0.035829,3.096878,1613271409110
-0.214005,1.048762,0.173984,0.020857,-0.053611,-0.858187,0.553587,0.296852,0.182852,-0.003632,0.055973,3.092144,1613271409116
-0.214118,1.048661,0.174002,0.022735,-0.055410,-0.859455,0.553587,0.296852,0.182852,-0.003632,0.055973,3.092144,1613271409127
-0.214118,1.048661,0.174002,0.022735,-0.055410,-0.859455,0.553965,0.297031,0.182592,-0.003103,0.039383,3.097263,1613271409127
-0.214180,1.048652,0.174072,0.022552,-0.055953,-0.858113,0.553965,0.297031,0.182592,-0.003103,0.039383,3.097263,1613271409138
-0.214180,1.048652,0.174072,0.022552,-0.055953,-0.858113,0.554042,0.297049,0.182590,-0.003522,0.037006,3.096678,1613271409138
-0.214180,1.048652,0.174072,0.022552,-0.055953,-0.858113,0.553897,0.297031,0.182633,-0.003408,0.040066,3.096925,1613271409146
-0.214205,1.048640,0.174092,0.022591,-0.056334,-0.857989,0.553897,0.297031,0.182633,-0.003408,0.040066,3.096925,1613271409157
-0.214205,1.048640,0.174092,0.022591,-0.056334,-0.857989,0.553949,0.297035,0.182617,-0.002811,0.039214,3.097325,1613271409157
-0.214188,1.048674,0.174068,0.022650,-0.056600,-0.857933,0.553949,0.297035,0.182617,-0.002811,0.039214,3.097325,1613271409166
-0.214188,1.048674,0.174068,0.022650,-0.056600,-0.857933,0.553664,0.296815,0.182917,-0.004119,0.052700,3.092796,1613271409166
-0.214217,1.048691,0.174033,0.024600,-0.057122,-0.858237,0.553664,0.296815,0.182917,-0.004119,0.052700,3.092796,1613271409176
-0.214217,1.048691,0.174033,0.024600,-0.057122,-0.858237,0.554036,0.297080,0.182617,-0.003233,0.037350,3.097537,1613271409176
-0.214159,1.048775,0.173974,0.022216,-0.057242,-0.857741,0.554036,0.297080,0.182617,-0.003233,0.037350,3.097537,1613271409194
-0.214159,1.048775,0.173974,0.022216,-0.057242,-0.857741,0.554112,0.297031,0.182569,-0.003561,0.036180,3.096787,1613271409194
-0.214159,1.048775,0.173974,0.022216,-0.057242,-0.857741,0.554018,0.297094,0.182569,-0.002192,0.037871,3.096084,1613271409202
-0.214124,1.048698,0.174011,0.022562,-0.054686,-0.857727,0.554018,0.297094,0.182569,-0.002192,0.037871,3.096084,1613271409207
-0.214124,1.048698,0.174011,0.022562,-0.054686,-0.857727,0.554070,0.297151,0.182572,-0.001925,0.036916,3.096667,1613271409207
-0.214141,1.048628,0.174008,0.023581,-0.054573,-0.858200,0.554070,0.297151,0.182572,-0.001925,0.036916,3.096667,1613271409218
-0.214141,1.048628,0.174008,0.023581,-0.054573,-0.858200,0.553930,0.297113,0.182542,-0.002589,0.039824,3.097117,1613271409218
-0.214141,1.048628,0.174008,0.023581,-0.054573,-0.858200,0.553917,0.297108,0.182599,-0.001441,0.040414,3.097995,1613271409226
-0.214158,1.048653,0.174107,0.022452,-0.055085,-0.858106,0.553917,0.297108,0.182599,-0.001441,0.040414,3.097995,1613271409237
-0.214158,1.048653,0.174107,0.022452,-0.055085,-0.858106,0.553956,0.297041,0.182620,-0.003587,0.038192,3.096943,1613271409237
-0.214202,1.048648,0.174140,0.023103,-0.056275,-0.859027,0.553956,0.297041,0.182620,-0.003587,0.038192,3.096943,1613271409246
-0.214202,1.048648,0.174140,0.023103,-0.056275,-0.859027,0.554073,0.297055,0.182645,-0.003145,0.034601,3.097634,1613271409246
-0.214176,1.048626,0.174087,0.022719,-0.056680,-0.858547,0.554073,0.297055,0.182645,-0.003145,0.034601,3.097634,1613271409256
-0.214176,1.048626,0.174087,0.022719,-0.056680,-0.858547,0.554033,0.297043,0.182597,-0.002842,0.036370,3.096845,1613271409256
-0.214210,1.048708,0.174068,0.022678,-0.056834,-0.858540,0.554033,0.297043,0.182597,-0.002842,0.036370,3.096845,1613271409266
-0.214210,1.048708,0.174068,0.022678,-0.056834,-0.858540,0.554039,0.297081,0.182584,-0.003109,0.036451,3.097751,1613271409266
-0.214153,1.048691,0.174051,0.023209,-0.055365,-0.858858,0.554039,0.297081,0.182584,-0.003109,0.036451,3.097751,1613271409276
-0.214153,1.048691,0.174051,0.023209,-0.055365,-0.858858,0.553599,0.296870,0.182874,-0.003319,0.054419,3.093175,1613271409276
-0.214062,1.048712,0.173961,0.022557,-0.054997,-0.858004,0.553599,0.296870,0.182874,-0.003319,0.054419,3.093175,1613271409288
-0.214062,1.048712,0.173961,0.022557,-0.054997,-0.858004,0.553722,0.296856,0.182847,-0.004080,0.053226,3.093258,1613271409288
-0.214062,1.048712,0.173961,0.022557,-0.054997,-0.858004,0.553976,0.297119,0.182583,-0.002354,0.039561,3.096937,1613271409296
-0.214174,1.048753,0.174011,0.023277,-0.056347,-0.859093,0.553976,0.297119,0.182583,-0.002354,0.039561,3.096937,1613271409306
-0.214174,1.048753,0.174011,0.023277,-0.056347,-0.859093,0.553977,0.297094,0.182587,-0.003261,0.038874,3.096478,1613271409306
-0.214144,1.048746,0.174009,0.022159,-0.056739,-0.858221,0.553977,0.297094,0.182587,-0.003261,0.038874,3.096478,1613271409316
-0.214144,1.048746,0.174009,0.022159,-0.056739,-0.858221,0.554010,0.297075,0.182610,-0.002624,0.037962,3.097752,1613271409316
-0.214211,1.048698,0.174037,0.024255,-0.057048,-0.858365,0.554010,0.297075,0.182610,-0.002624,0.037962,3.097752,1613271409327
-0.214211,1.048698,0.174037,0.024255,-0.057048,-0.858365,0.553976,0.297036,0.182616,-0.003153,0.038327,3.097128,1613271409327
-0.214204,1.048687,0.174112,0.022352,-0.057016,-0.857850,0.553976,0.297036,0.182616,-0.003153,0.038327,3.097128,1613271409336
-0.214204,1.048687,0.174112,0.022352,-0.057016,-0.857850,0.553981,0.297072,0.182623,-0.002778,0.038086,3.097214,1613271409336
-0.214226,1.048568,0.174131,0.024631,-0.056087,-0.858537,0.553981,0.297072,0.182623,-0.002778,0.038086,3.097214,1613271409347
-0.214226,1.048568,0.174131,0.024631,-0.056087,-0.858537,0.554058,0.296893,0.182624,-0.005894,0.036761,3.097789,1613271409356
-0.214204,1.048653,0.174040,0.023416,-0.057073,-0.857408,0.554058,0.296893,0.182624,-0.005894,0.036761,3.097789,1613271409366
-0.214204,1.048653,0.174040,0.023416,-0.057073,-0.857408,0.553669,0.296693,0.182900,-0.006867,0.053012,3.093733,1613271409366
-0.214283,1.048694,0.173999,0.025665,-0.058360,-0.857560,0.553669,0.296693,0.182900,-0.006867,0.053012,3.093733,1613271409376
-0.214283,1.048694,0.173999,0.025665,-0.058360,-0.857560,0.553985,0.296981,0.182632,-0.005092,0.038522,3.097786,1613271409376
-0.214225,1.048746,0.173945,0.024328,-0.058673,-0.857403,0.553985,0.296981,0.182632,-0.005092,0.038522,3.097786,1613271409386
-0.214225,1.048746,0.173945,0.024328,-0.058673,-0.857403,0.553548,0.296819,0.182841,-0.004697,0.056824,3.093693,1613271409386
-0.214131,1.048714,0.173942,0.023231,-0.055998,-0.856637,0.553548,0.296819,0.182841,-0.004697,0.056824,3.093693,1613271409399
-0.214131,1.048714,0.173942,0.023231,-0.055998,-0.856637,0.553820,0.297051,0.182570,-0.004031,0.042766,3.097317,1613271409399
-0.214131,1.048714,0.173942,0.023231,-0.055998,-0.856637,0.554023,0.297067,0.182589,-0.003951,0.037425,3.097536,1613271409406
-0.214321,1.048674,0.174004,0.026705,-0.058738,-0.857802,0.554023,0.297067,0.182589,-0.003951,0.037425,3.097536,1613271409417
-0.214321,1.048674,0.174004,0.026705,-0.058738,-0.857802,0.553933,0.297034,0.182602,-0.004397,0.040061,3.097329,1613271409417
-0.214073,1.048679,0.174024,0.021594,-0.055320,-0.858165,0.553933,0.297034,0.182602,-0.004397,0.040061,3.097329,1613271409427
-0.214073,1.048679,0.174024,0.021594,-0.055320,-0.858165,0.553940,0.296997,0.182597,-0.004298,0.039623,3.098045,1613271409427
-0.214265,1.048662,0.174080,0.024149,-0.058092,-0.857476,0.553940,0.296997,0.182597,-0.004298,0.039623,3.098045,1613271409436
-0.214265,1.048662,0.174080,0.024149,-0.058092,-0.857476,0.554022,0.297042,0.182596,-0.003500,0.036645,3.096220,1613271409436
-0.214257,1.048607,0.174117,0.024708,-0.057090,-0.858012,0.554022,0.297042,0.182596,-0.003500,0.036645,3.096220,1613271409447
-0.214257,1.048607,0.174117,0.024708,-0.057090,-0.858012,0.554024,0.297030,0.182637,-0.003966,0.036734,3.097083,1613271409447
-0.214171,1.048652,0.174039,0.023559,-0.056468,-0.857234,0.554024,0.297030,0.182637,-0.003966,0.036734,3.097083,1613271409457
-0.214171,1.048652,0.174039,0.023559,-0.056468,-0.857234,0.554046,0.296988,0.182573,-0.004512,0.036514,3.097241,1613271409457
-0.214265,1.048678,0.174034,0.025198,-0.057244,-0.858100,0.554046,0.296988,0.182573,-0.004512,0.036514,3.097241,1613271409466
-0.214265,1.048678,0.174034,0.025198,-0.057244,-0.858100,0.554030,0.297046,0.182583,-0.003798,0.036900,3.097703,1613271409466
-0.214134,1.048733,0.174010,0.022536,-0.055815,-0.858214,0.554030,0.297046,0.182583,-0.003798,0.036900,3.097703,1613271409476
-0.214134,1.048733,0.174010,0.022536,-0.055815,-0.858214,0.553963,0.297078,0.182557,-0.003321,0.038125,3.098045,1613271409476
-0.214065,1.048749,0.173968,0.022246,-0.055705,-0.857534,0.553963,0.297078,0.182557,-0.003321,0.038125,3.098045,1613271409486
-0.214065,1.048749,0.173968,0.022246,-0.055705,-0.857534,0.554016,0.297161,0.182539,-0.001108,0.037787,3.097590,1613271409486
-0.214080,1.048785,0.173962,0.021613,-0.057154,-0.858855,0.554016,0.297161,0.182539,-0.001108,0.037787,3.097590,1613271409496
-0.214080,1.048785,0.173962,0.021613,-0.057154,-0.858855,0.553659,0.296851,0.182834,-0.003439,0.053935,3.092720,1613271409496
-0.214204,1.048692,0.174026,0.024244,-0.056860,-0.857995,0.553659,0.296851,0.182834,-0.003439,0.053935,3.092720,1613271409507
-0.214204,1.048692,0.174026,0.024244,-0.056860,-0.857995,0.554052,0.297094,0.182579,-0.002651,0.037647,3.096874,1613271409507
-0.214215,1.048659,0.174014,0.024609,-0.056566,-0.858167,0.554052,0.297094,0.182579,-0.002651,0.037647,3.096874,1613271409516
-0.214215,1.048659,0.174014,0.024609,-0.056566,-0.858167,0.553985,0.297053,0.182584,-0.003095,0.037955,3.097211,1613271409516
-0.214124,1.048656,0.174051,0.021355,-0.055465,-0.858086,0.553985,0.297053,0.182584,-0.003095,0.037955,3.097211,1613271409527
-0.214124,1.048656,0.174051,0.021355,-0.055465,-0.858086,0.553956,0.296997,0.182598,-0.003904,0.038970,3.096741,1613271409527
-0.214181,1.048654,0.174102,0.022144,-0.055237,-0.857543,0.553956,0.296997,0.182598,-0.003904,0.038970,3.096741,1613271409536
-0.214181,1.048654,0.174102,0.022144,-0.055237,-0.857543,0.553932,0.297047,0.182633,-0.003739,0.038837,3.096416,1613271409536
-0.214263,1.048635,0.174127,0.023937,-0.056842,-0.858075,0.553932,0.297047,0.182633,-0.003739,0.038837,3.096416,1613271409547
-0.214263,1.048635,0.174127,0.023937,-0.056842,-0.858075,0.554002,0.297057,0.182599,-0.003492,0.037218,3.096848,1613271409547
-0.214061,1.048627,0.174040,0.022106,-0.054040,-0.858089,0.554002,0.297057,0.182599,-0.003492,0.037218,3.096848,1613271409556
-0.214061,1.048627,0.174040,0.022106,-0.054040,-0.858089,0.553912,0.296997,0.182563,-0.003868,0.039469,3.097066,1613271409556
-0.214174,1.048703,0.174034,0.023188,-0.056223,-0.858477,0.553912,0.296997,0.182563,-0.003868,0.039469,3.097066,1613271409566
-0.214174,1.048703,0.174034,0.023188,-0.056223,-0.858477,0.553976,0.297056,0.182572,-0.002987,0.038542,3.097912,1613271409566
-0.214077,1.048789,0.173976,0.020549,-0.056118,-0.859083,0.553976,0.297056,0.182572,-0.002987,0.038542,3.097912,1613271409578
-0.214077,1.048789,0.173976,0.020549,-0.056118,-0.859083,0.553965,0.297125,0.182567,-0.002541,0.039164,3.096493,1613271409578
-0.214077,1.048789,0.173976,0.020549,-0.056118,-0.859083,0.553981,0.297084,0.182493,-0.004033,0.037777,3.097632,1613271409587
-0.214171,1.048681,0.173951,0.023598,-0.055927,-0.858468,0.553981,0.297084,0.182493,-0.004033,0.037777,3.097632,1613271409596
-0.214171,1.048681,0.173951,0.023598,-0.055927,-0.858468,0.554106,0.297108,0.182502,-0.002758,0.034107,3.098041,1613271409596
-0.214194,1.048682,0.174027,0.024240,-0.056573,-0.858209,0.554106,0.297108,0.182502,-0.002758,0.034107,3.098041,1613271409608
-0.214194,1.048682,0.174027,0.024240,-0.056573,-0.858209,0.554020,0.297097,0.182579,-0.003313,0.036251,3.097541,1613271409608
-0.214194,1.048682,0.174027,0.024240,-0.056573,-0.858209,0.553994,0.297042,0.182552,-0.004239,0.036538,3.098177,1613271409616
-0.214094,1.048670,0.174052,0.021534,-0.055159,-0.858089,0.553994,0.297042,0.182552,-0.004239,0.036538,3.098177,1613271409629
-0.214094,1.048670,0.174052,0.021534,-0.055159,-0.858089,0.553529,0.296787,0.182869,-0.004060,0.056151,3.092731,1613271409629
-0.214094,1.048670,0.174052,0.021534,-0.055159,-0.858089,0.553578,0.296833,0.182834,-0.003772,0.055730,3.093552,1613271409637
-0.214147,1.048721,0.174033,0.021976,-0.055735,-0.859415,0.553578,0.296833,0.182834,-0.003772,0.055730,3.093552,1613271409646
-0.214147,1.048721,0.174033,0.021976,-0.055735,-0.859415,0.553985,0.297058,0.182549,-0.003178,0.038688,3.097437,1613271409646
-0.214107,1.048692,0.173990,0.022269,-0.055331,-0.858734,0.553985,0.297058,0.182549,-0.003178,0.038688,3.097437,1613271409656
-0.214107,1.048692,0.173990,0.022269,-0.055331,-0.858734,0.553994,0.297043,0.182552,-0.002768,0.038501,3.097609,1613271409656
-0.214155,1.048700,0.173997,0.022447,-0.055799,-0.858048,0.553994,0.297043,0.182552,-0.002768,0.038501,3.097609,1613271409666
-0.214155,1.048700,0.173997,0.022447,-0.055799,-0.858048,0.553898,0.297047,0.182587,-0.003529,0.040178,3.097046,1613271409666
-0.214181,1.048717,0.174005,0.022994,-0.056676,-0.857788,0.553898,0.297047,0.182587,-0.003529,0.040178,3.097046,1613271409676
-0.214181,1.048717,0.174005,0.022994,-0.056676,-0.857788,0.553564,0.296866,0.182864,-0.003665,0.056117,3.093747,1613271409676
-0.214183,1.048697,0.173999,0.023619,-0.056375,-0.858102,0.553564,0.296866,0.182864,-0.003665,0.056117,3.093747,1613271409686
-0.214183,1.048697,0.173999,0.023619,-0.056375,-0.858102,0.553940,0.297040,0.182570,-0.003395,0.039715,3.097644,1613271409686
-0.214171,1.048659,0.173978,0.023756,-0.056076,-0.858640,0.553940,0.297040,0.182570,-0.003395,0.039715,3.097644,1613271409698
-0.214171,1.048659,0.173978,0.023756,-0.056076,-0.858640,0.553851,0.297038,0.182553,-0.003029,0.042050,3.096922,1613271409698
-0.214171,1.048659,0.173978,0.023756,-0.056076,-0.858640,0.553916,0.297060,0.182574,-0.003302,0.039839,3.097418,1613271409706
-0.214197,1.048703,0.174024,0.023266,-0.056405,-0.857800,0.553916,0.297060,0.182574,-0.003302,0.039839,3.097418,1613271409716
-0.214197,1.048703,0.174024,0.023266,-0.056405,-0.857800,0.553970,0.297072,0.182585,-0.003664,0.038149,3.097423,1613271409716
-0.214164,1.048650,0.174014,0.023674,-0.055493,-0.858326,0.553970,0.297072,0.182585,-0.003664,0.038149,3.097423,1613271409726
-0.214164,1.048650,0.174014,0.023674,-0.055493,-0.858326,0.553618,0.296847,0.182869,-0.003602,0.054249,3.093968,1613271409726
-0.214190,1.048649,0.174015,0.024208,-0.055899,-0.858002,0.553618,0.296847,0.182869,-0.003602,0.054249,3.093968,1613271409737
-0.214190,1.048649,0.174015,0.024208,-0.055899,-0.858002,0.554021,0.297072,0.182595,-0.003257,0.037608,3.096948,1613271409737
-0.214139,1.048751,0.174016,0.021859,-0.055755,-0.859125,0.554021,0.297072,0.182595,-0.003257,0.037608,3.096948,1613271409752
-0.214139,1.048751,0.174016,0.021859,-0.055755,-0.859125,0.553619,0.296825,0.182856,-0.003872,0.053963,3.092988,1613271409752
-0.214139,1.048751,0.174016,0.021859,-0.055755,-0.859125,0.553999,0.297081,0.182554,-0.002763,0.038900,3.096520,1613271409761
-0.214131,1.048645,0.174025,0.023325,-0.055029,-0.858719,0.553999,0.297081,0.182554,-0.002763,0.038900,3.096520,1613271409771
-0.214131,1.048645,0.174025,0.023325,-0.055029,-0.858719,0.553938,0.297040,0.182601,-0.003375,0.039865,3.097977,1613271409771
-0.214141,1.048724,0.174016,0.021767,-0.056098,-0.857526,0.553938,0.297040,0.182601,-0.003375,0.039865,3.097977,1613271409783
-0.214260,1.048686,0.173994,0.023610,-0.056798,-0.858050,0.553938,0.297040,0.182601,-0.003375,0.039865,3.097977,1613271409792
-0.214260,1.048686,0.173994,0.023610,-0.056798,-0.858050,0.553878,0.297004,0.182574,-0.004697,0.039613,3.098156,1613271409792
-0.214260,1.048686,0.173994,0.023610,-0.056798,-0.858050,0.553819,0.297055,0.182546,-0.003123,0.041517,3.097903,1613271409801
-0.214137,1.048637,0.174053,0.022503,-0.055106,-0.858439,0.553819,0.297055,0.182546,-0.003123,0.041517,3.097903,1613271409812
-0.214137,1.048637,0.174053,0.022503,-0.055106,-0.858439,0.553860,0.297006,0.182610,-0.004535,0.040350,3.098067,1613271409812
-0.214015,1.048761,0.174080,0.021059,-0.055924,-0.858450,0.553860,0.297006,0.182610,-0.004535,0.040350,3.098067,1613271409821
-0.214015,1.048761,0.174080,0.021059,-0.055924,-0.858450,0.554059,0.296976,0.182632,-0.005350,0.037681,3.098736,1613271409821
-0.213945,1.048733,0.174072,0.021070,-0.054906,-0.857252,0.554059,0.296976,0.182632,-0.005350,0.037681,3.098736,1613271409833
-0.213945,1.048733,0.174072,0.021070,-0.054906,-0.857252,0.553947,0.296934,0.182630,-0.006677,0.041062,3.097727,1613271409833
-0.213945,1.048733,0.174072,0.021070,-0.054906,-0.857252,0.554008,0.296990,0.182563,-0.005557,0.039800,3.097551,1613271409837
-0.214178,1.048775,0.173894,0.022681,-0.056604,-0.857586,0.554008,0.296990,0.182563,-0.005557,0.039800,3.097551,1613271409847
-0.214178,1.048775,0.173894,0.022681,-0.056604,-0.857586,0.553937,0.297129,0.182524,-0.002834,0.038167,3.097342,1613271409847
-0.214259,1.048731,0.173855,0.022597,-0.055878,-0.858853,0.553937,0.297129,0.182524,-0.002834,0.038167,3.097342,1613271409857
-0.214259,1.048731,0.173855,0.022597,-0.055878,-0.858853,0.553818,0.297110,0.182425,-0.002960,0.039415,3.099213,1613271409857
-0.214202,1.048635,0.173965,0.021963,-0.054375,-0.858359,0.553818,0.297110,0.182425,-0.002960,0.039415,3.099213,1613271409866
-0.214202,1.048635,0.173965,0.021963,-0.054375,-0.858359,0.553852,0.297047,0.182459,-0.004228,0.039408,3.098475,1613271409866
-0.214255,1.048677,0.174127,0.024530,-0.058312,-0.858003,0.553852,0.297047,0.182459,-0.004228,0.039408,3.098475,1613271409877
-0.214255,1.048677,0.174127,0.024530,-0.058312,-0.858003,0.554043,0.297053,0.182624,-0.003778,0.035480,3.097419,1613271409877
-0.214164,1.048641,0.174209,0.023998,-0.057330,-0.858193,0.554043,0.297053,0.182624,-0.003778,0.035480,3.097419,1613271409886
-0.214164,1.048641,0.174209,0.023998,-0.057330,-0.858193,0.554076,0.297038,0.182698,-0.003479,0.036497,3.097464,1613271409886
-0.214164,1.048641,0.174209,0.023998,-0.057330,-0.858193,0.554161,0.297018,0.182644,-0.003887,0.033952,3.097378,1613271409893
-0.214177,1.048723,0.173973,0.022148,-0.056656,-0.857923,0.554161,0.297018,0.182644,-0.003887,0.033952,3.097378,1613271409903
-0.214177,1.048723,0.173973,0.022148,-0.056656,-0.857923,0.553718,0.296827,0.182861,-0.003834,0.052528,3.093292,1613271409903
-0.214197,1.048702,0.173906,0.022326,-0.054758,-0.857642,0.553718,0.296827,0.182861,-0.003834,0.052528,3.093292,1613271409914
-0.214197,1.048702,0.173906,0.022326,-0.054758,-0.857642,0.553990,0.297129,0.182450,-0.003099,0.037601,3.098360,1613271409914
-0.214185,1.048767,0.173845,0.021874,-0.055384,-0.858063,0.553990,0.297129,0.182450,-0.003099,0.037601,3.098360,1613271409924
-0.214185,1.048767,0.173845,0.021874,-0.055384,-0.858063,0.553953,0.297155,0.182425,-0.002232,0.038767,3.097293,1613271409924
-0.214056,1.048698,0.173919,0.022198,-0.054227,-0.857469,0.553953,0.297155,0.182425,-0.002232,0.038767,3.097293,1613271409935
-0.214056,1.048698,0.173919,0.022198,-0.054227,-0.857469,0.553903,0.297126,0.182525,-0.002503,0.040904,3.097569,1613271409935
-0.214056,1.048698,0.173919,0.022198,-0.054227,-0.857469,0.553696,0.296847,0.182879,-0.004464,0.053936,3.092563,1613271409944
-0.214102,1.048672,0.174064,0.023495,-0.055307,-0.857440,0.553696,0.296847,0.182879,-0.004464,0.053936,3.092563,1613271409953
-0.214102,1.048672,0.174064,0.023495,-0.055307,-0.857440,0.554063,0.297015,0.182632,-0.003141,0.038353,3.096515,1613271409953
-0.214143,1.048688,0.174097,0.021550,-0.056616,-0.859154,0.554063,0.297015,0.182632,-0.003141,0.038353,3.096515,1613271409963
-0.214143,1.048688,0.174097,0.021550,-0.056616,-0.859154,0.554002,0.297021,0.182599,-0.003022,0.038900,3.097060,1613271409963
-0.214310,1.048682,0.174105,0.023828,-0.058428,-0.858078,0.554002,0.297021,0.182599,-0.003022,0.038900,3.097060,1613271409974
-0.214310,1.048682,0.174105,0.023828,-0.058428,-0.858078,0.553943,0.297034,0.182621,-0.002959,0.037672,3.096825,1613271409974
-0.214233,1.048682,0.174065,0.022459,-0.056615,-0.858607,0.553943,0.297034,0.182621,-0.002959,0.037672,3.096825,1613271409984
-0.214233,1.048682,0.174065,0.022459,-0.056615,-0.858607,0.553919,0.297082,0.182582,-0.002331,0.038633,3.097953,1613271409984
-0.214208,1.048596,0.174014,0.023580,-0.055360,-0.858546,0.553919,0.297082,0.182582,-0.002331,0.038633,3.097953,1613271409993
-0.214208,1.048596,0.174014,0.023580,-0.055360,-0.858546,0.553668,0.296846,0.182848,-0.003172,0.052250,3.093596,1613271409993
-0.214151,1.048670,0.173999,0.022059,-0.055751,-0.858034,0.553668,0.296846,0.182848,-0.003172,0.052250,3.093596,1613271410005
-0.214151,1.048670,0.173999,0.022059,-0.055751,-0.858034,0.553926,0.297114,0.182610,-0.001758,0.039003,3.097113,1613271410005
-0.214151,1.048670,0.173999,0.022059,-0.055751,-0.858034,0.553882,0.297086,0.182563,-0.003097,0.041245,3.097548,1613271410014
-0.214030,1.048776,0.173963,0.020865,-0.055390,-0.858149,0.553882,0.297086,0.182563,-0.003097,0.041245,3.097548,1613271410026
-0.214030,1.048776,0.173963,0.020865,-0.055390,-0.858149,0.553977,0.297049,0.182547,-0.004349,0.039535,3.097776,1613271410026
-0.213881,1.048727,0.173977,0.019117,-0.053159,-0.857770,0.553977,0.297049,0.182547,-0.004349,0.039535,3.097776,1613271410037
-0.213881,1.048727,0.173977,0.019117,-0.053159,-0.857770,0.553956,0.297094,0.182564,-0.002783,0.040911,3.097163,1613271410037
-0.214008,1.048790,0.173982,0.021010,-0.055356,-0.856786,0.553956,0.297094,0.182564,-0.002783,0.040911,3.097163,1613271410046
-0.214008,1.048790,0.173982,0.021010,-0.055356,-0.856786,0.553651,0.296875,0.182865,-0.003795,0.054521,3.092853,1613271410046
-0.214008,1.048790,0.173982,0.021010,-0.055356,-0.856786,0.553579,0.296873,0.182866,-0.003445,0.055828,3.092745,1613271410054
-0.214239,1.048652,0.173974,0.023775,-0.056173,-0.858544,0.553579,0.296873,0.182866,-0.003445,0.055828,3.092745,1613271410064
-0.214239,1.048652,0.173974,0.023775,-0.056173,-0.858544,0.553979,0.297056,0.182544,-0.003017,0.038422,3.097370,1613271410064
-0.214279,1.048580,0.174050,0.023921,-0.055208,-0.858250,0.553979,0.297056,0.182544,-0.003017,0.038422,3.097370,1613271410073
-0.214279,1.048580,0.174050,0.023921,-0.055208,-0.858250,0.553897,0.297032,0.182589,-0.003409,0.039512,3.097691,1613271410073
-0.214304,1.048612,0.174121,0.023795,-0.056861,-0.858471,0.553897,0.297032,0.182589,-0.003409,0.039512,3.097691,1613271410084
-0.214304,1.048612,0.174121,0.023795,-0.056861,-0.858471,0.553948,0.297013,0.182661,-0.003360,0.038369,3.096994,1613271410084
-0.214132,1.048626,0.174070,0.022606,-0.055637,-0.858436,0.553948,0.297013,0.182661,-0.003360,0.038369,3.096994,1613271410097
-0.214132,1.048626,0.174070,0.022606,-0.055637,-0.858436,0.553584,0.296761,0.182933,-0.004923,0.055688,3.093545,1613271410097
-0.214063,1.048653,0.174101,0.021684,-0.055644,-0.858048,0.553584,0.296761,0.182933,-0.004923,0.055688,3.093545,1613271410108
-0.214063,1.048653,0.174101,0.021684,-0.055644,-0.858048,0.553955,0.297019,0.182623,-0.003095,0.039917,3.097734,1613271410108
-0.214100,1.048750,0.174052,0.021058,-0.056135,-0.858476,0.553955,0.297019,0.182623,-0.003095,0.039917,3.097734,1613271410117
-0.214100,1.048750,0.174052,0.021058,-0.056135,-0.858476,0.554030,0.297042,0.182573,-0.003844,0.037325,3.097682,1613271410117
-0.214100,1.048750,0.174052,0.021058,-0.056135,-0.858476,0.553966,0.297076,0.182509,-0.003561,0.038169,3.097854,1613271410125
-0.214127,1.048737,0.173927,0.022795,-0.056445,-0.859297,0.553966,0.297076,0.182509,-0.003561,0.038169,3.097854,1613271410134
-0.214127,1.048737,0.173927,0.022795,-0.056445,-0.859297,0.554060,0.297129,0.182484,-0.002605,0.036785,3.097733,1613271410134
-0.214120,1.048763,0.173949,0.023256,-0.056159,-0.857878,0.554060,0.297129,0.182484,-0.002605,0.036785,3.097733,1613271410144
-0.214120,1.048763,0.173949,0.023256,-0.056159,-0.857878,0.553696,0.296901,0.182811,-0.003583,0.053338,3.092774,1613271410144
-0.214000,1.048761,0.174002,0.021703,-0.054725,-0.858401,0.553696,0.296901,0.182811,-0.003583,0.053338,3.092774,1613271410153
-0.214000,1.048761,0.174002,0.021703,-0.054725,-0.858401,0.553973,0.297045,0.182568,-0.004110,0.041042,3.097414,1613271410153
-0.214094,1.048711,0.173991,0.023426,-0.055668,-0.858224,0.553973,0.297045,0.182568,-0.004110,0.041042,3.097414,1613271410166
-0.214094,1.048711,0.173991,0.023426,-0.055668,-0.858224,0.553990,0.297066,0.182599,-0.002404,0.039065,3.095945,1613271410166
-0.214094,1.048711,0.173991,0.023426,-0.055668,-0.858224,0.553889,0.297080,0.182560,-0.003281,0.040427,3.097795,1613271410175
-0.214284,1.048648,0.174035,0.023198,-0.056182,-0.858523,0.553889,0.297080,0.182560,-0.003281,0.040427,3.097795,1613271410184
-0.214284,1.048648,0.174035,0.023198,-0.056182,-0.858523,0.553889,0.297010,0.182535,-0.003846,0.038805,3.098080,1613271410184
-0.214164,1.048618,0.174056,0.021268,-0.055338,-0.857560,0.553889,0.297010,0.182535,-0.003846,0.038805,3.098080,1613271410195
-0.214164,1.048618,0.174056,0.021268,-0.055338,-0.857560,0.553537,0.296798,0.182862,-0.003276,0.055289,3.093305,1613271410195
-0.214195,1.048623,0.174128,0.022803,-0.056553,-0.857968,0.553537,0.296798,0.182862,-0.003276,0.055289,3.093305,1613271410206
-0.214195,1.048623,0.174128,0.022803,-0.056553,-0.857968,0.554011,0.297007,0.182639,-0.003525,0.037456,3.096663,1613271410206
-0.214020,1.048745,0.174028,0.021274,-0.055078,-0.857524,0.554011,0.297007,0.182639,-0.003525,0.037456,3.096663,1613271410224
-0.214020,1.048745,0.174028,0.021274,-0.055078,-0.857524,0.553585,0.296781,0.182889,-0.006452,0.055056,3.093397,1613271410224
-0.214085,1.048717,0.173918,0.021828,-0.055007,-0.858974,0.553585,0.296781,0.182889,-0.006452,0.055056,3.093397,1613271410236
-0.214085,1.048717,0.173918,0.021828,-0.055007,-0.858974,0.553849,0.297038,0.182569,-0.004560,0.041008,3.098200,1613271410236
-0.214085,1.048717,0.173918,0.021828,-0.055007,-0.858974,0.553547,0.296863,0.182795,-0.004784,0.055470,3.094524,1613271410244
-0.214240,1.048755,0.173927,0.023977,-0.056583,-0.858314,0.553547,0.296863,0.182795,-0.004784,0.055470,3.094524,1613271410254
-0.214240,1.048755,0.173927,0.023977,-0.056583,-0.858314,0.553973,0.297038,0.182528,-0.004412,0.038180,3.098495,1613271410254
-0.214013,1.048704,0.173962,0.021627,-0.054397,-0.858748,0.553973,0.297038,0.182528,-0.004412,0.038180,3.098495,1613271410264
-0.214013,1.048704,0.173962,0.021627,-0.054397,-0.858748,0.553985,0.297038,0.182573,-0.003647,0.038794,3.096674,1613271410264
-0.214076,1.048658,0.174102,0.022876,-0.055600,-0.857565,0.553985,0.297038,0.182573,-0.003647,0.038794,3.096674,1613271410274
-0.214076,1.048658,0.174102,0.022876,-0.055600,-0.857565,0.553979,0.297031,0.182636,-0.003974,0.039434,3.096329,1613271410274
-0.214125,1.048664,0.174146,0.022460,-0.056158,-0.858232,0.553979,0.297031,0.182636,-0.003974,0.039434,3.096329,1613271410284
-0.214125,1.048664,0.174146,0.022460,-0.056158,-0.858232,0.554019,0.296978,0.182678,-0.004148,0.038432,3.097438,1613271410284
-0.214146,1.048671,0.174068,0.023343,-0.056509,-0.858345,0.554019,0.296978,0.182678,-0.004148,0.038432,3.097438,1613271410294
-0.214146,1.048671,0.174068,0.023343,-0.056509,-0.858345,0.553864,0.297015,0.182632,-0.003914,0.041151,3.098106,1613271410294
-0.214146,1.048671,0.174068,0.023343,-0.056509,-0.858345,0.553635,0.296829,0.182843,-0.003746,0.053012,3.093343,1613271410304
-0.214115,1.048736,0.174035,0.019744,-0.053923,-0.857985,0.553635,0.296829,0.182843,-0.003746,0.053012,3.093343,1613271410313
-0.214115,1.048736,0.174035,0.019744,-0.053923,-0.857985,0.553836,0.297065,0.182557,-0.003525,0.039963,3.097707,1613271410313
-0.214124,1.048714,0.174024,0.019995,-0.054008,-0.858455,0.553836,0.297065,0.182557,-0.003525,0.039963,3.097707,1613271410324
-0.214124,1.048714,0.174024,0.019995,-0.054008,-0.858455,0.553925,0.297078,0.182506,-0.003783,0.039047,3.098090,1613271410324
-0.214056,1.048699,0.174011,0.020722,-0.054547,-0.857737,0.553925,0.297078,0.182506,-0.003783,0.039047,3.098090,1613271410334
-0.214056,1.048699,0.174011,0.020722,-0.054547,-0.857737,0.553998,0.297104,0.182565,-0.002583,0.038616,3.096572,1613271410334
-0.213996,1.048740,0.174018,0.021169,-0.054506,-0.857777,0.553998,0.297104,0.182565,-0.002583,0.038616,3.096572,1613271410344
-0.213996,1.048740,0.174018,0.021169,-0.054506,-0.857777,0.553667,0.296856,0.182857,-0.004199,0.054256,3.092687,1613271410344
