-0.029476,1.000969,1.515462,0.005829,0.047164,0.026673,1.486054,-0.007686,1.516429,-0.013569,-0.118639,0.002285,0.125226,0.899723,1.615046,0.005240,0.042393,0.023975,1.335743,0.094239,1.615914,-0.012197,-0.106639,0.002054,0.279241,0.798928,1.714187,0.004653,0.037644,0.021289,1.186101,0.195711,1.714958,-0.010830,-0.094692,0.001824,0.432646,0.698532,1.812935,0.004068,0.032913,0.018614,1.037051,0.296781,1.813609,-0.009469,-0.082793,0.001594,0.585517,0.598485,1.911339,0.003485,0.028199,0.015948,0.888520,0.397499,1.911917,-0.008113,-0.070935,0.001366,1613271590654
-0.027093,1.000176,1.517092,-0.000850,0.036696,0.021583,1.500505,-0.010103,1.515449,-0.032976,-0.137710,-0.006318,0.127369,0.899011,1.616511,-0.000764,0.032984,0.019400,1.348733,0.092066,1.615033,-0.029640,-0.123781,-0.005679,0.281144,0.798296,1.715487,-0.000678,0.029289,0.017227,1.197635,0.193781,1.714176,-0.026320,-0.109914,-0.005043,0.434309,0.697979,1.814072,-0.000593,0.025608,0.015062,1.047136,0.295093,1.812925,-0.023012,-0.096102,-0.004409,0.586942,0.598011,1.912314,-0.000508,0.021941,0.012905,0.897161,0.396053,1.911331,-0.019716,-0.082338,-0.003778,1613271590701
-0.023085,0.997791,1.517591,0.041526,0.086247,0.024382,1.511207,-0.007145,1.512838,-0.135346,-0.119394,-0.056921,0.130971,0.896867,1.616959,0.037326,0.077523,0.021916,1.358353,0.094725,1.612686,-0.121656,-0.107318,-0.051163,0.284342,0.796391,1.715886,0.033144,0.068838,0.019461,1.206177,0.196142,1.712092,-0.108027,-0.095295,-0.045432,0.437106,0.696314,1.814420,0.028979,0.060188,0.017015,1.054605,0.297158,1.811103,-0.094452,-0.083320,-0.039722,0.589338,0.596585,1.912612,0.024829,0.051568,0.014578,0.903560,0.397822,1.909770,-0.080924,-0.071386,-0.034033,1613271590755
-0.011277,0.987091,1.517957,0.220562,0.246602,0.060948,1.511227,-0.004032,1.515717,-0.165224,-0.159878,0.003216,0.141585,0.887249,1.617288,0.198252,0.221659,0.054783,1.358371,0.097523,1.615275,-0.148512,-0.143707,0.002891,0.293767,0.787851,1.716178,0.176042,0.196826,0.048646,1.206193,0.198627,1.714390,-0.131874,-0.127607,0.002567,0.445347,0.688847,1.814676,0.153920,0.172092,0.042533,1.054619,0.299330,1.813112,-0.115303,-0.111572,0.002244,0.596399,0.590187,1.912831,0.131875,0.147445,0.036441,0.903572,0.399683,1.911491,-0.098788,-0.095592,0.001923,1613271590812
0.010052,0.983202,1.513874,0.242383,0.542231,0.147471,1.493217,0.000871,1.512556,-0.226614,-0.483216,0.119059,0.160756,0.883754,1.613618,0.217866,0.487386,0.132555,1.342182,0.101930,1.612434,-0.203693,-0.434340,0.107016,0.310791,0.784747,1.712919,0.193459,0.432784,0.117705,1.191818,0.202541,1.711867,-0.180873,-0.385682,0.095027,0.460231,0.686133,1.811826,0.169148,0.378399,0.102913,1.042050,0.302752,1.810907,-0.158144,-0.337215,0.083086,0.609151,0.587862,1.910389,0.144922,0.324203,0.088174,0.892803,0.402615,1.909602,-0.135494,-0.288918,0.071186,1613271590903
0.022472,0.965351,1.532664,0.176548,0.114231,0.086096,1.473052,0.016405,1.527733,-0.160363,-0.277501,0.087546,0.171920,0.867709,1.630507,0.158690,0.102677,0.077387,1.324056,0.115893,1.626075,-0.144143,-0.249433,0.078691,0.320704,0.770500,1.727916,0.140912,0.091174,0.068718,1.175723,0.214939,1.723981,-0.127995,-0.221489,0.069875,0.468899,0.673676,1.824939,0.123205,0.079717,0.060082,1.027978,0.313593,1.821498,-0.111910,-0.193656,0.061095,0.616577,0.577189,1.921624,0.105559,0.068300,0.051477,0.880746,0.411903,1.918676,-0.095882,-0.165920,0.052344,1613271590950
0.054513,0.945178,1.550501,0.209536,0.141130,0.097273,1.444881,0.035951,1.547485,-0.155828,-0.137692,0.036489,0.197380,0.851647,1.646567,0.188342,0.126855,0.087434,1.302075,0.131390,1.643803,-0.140067,-0.123765,0.032798,0.339595,0.758543,1.742206,0.167242,0.112643,0.077639,1.159921,0.226395,1.739693,-0.124375,-0.109900,0.029124,0.481230,0.665818,1.837466,0.146226,0.098488,0.067883,1.018346,0.321013,1.835202,-0.108746,-0.096089,0.025464,0.622356,0.573426,1.932395,0.125283,0.084382,0.058160,0.877281,0.415291,1.930380,-0.093171,-0.082327,0.021817,1613271591004
0.078151,0.924105,1.575281,0.199629,-0.071940,0.004838,1.410039,0.058310,1.571428,-0.189066,-0.124894,-0.052090,0.213947,0.835432,1.668909,0.179437,-0.064664,0.004349,1.275437,0.148762,1.665255,-0.169942,-0.112261,-0.046821,0.349100,0.747176,1.762122,0.159335,-0.057419,0.003862,1.141473,0.238788,1.758665,-0.150904,-0.099685,-0.041576,0.483678,0.659294,1.854966,0.139312,-0.050204,0.003377,1.008080,0.328434,1.851704,-0.131941,-0.087158,-0.036351,0.617748,0.571742,1.947488,0.119359,-0.043013,0.002893,0.875191,0.417744,1.944419,-0.113044,-0.074675,-0.031145,1613271591059
0.123111,0.896589,1.614260,0.180388,-0.055541,0.007454,1.360413,0.087895,1.611605,-0.191571,-0.108581,-0.065936,0.247270,0.814905,1.704026,0.162142,-0.049924,0.006700,1.237920,0.171148,1.701288,-0.172194,-0.097598,-0.059267,0.370803,0.733628,1.793394,0.143977,-0.044331,0.005950,1.116046,0.253987,1.790572,-0.152904,-0.086664,-0.052627,0.493772,0.652719,1.882408,0.125885,-0.038760,0.005202,0.994730,0.336453,1.879501,-0.133689,-0.075774,-0.046014,0.616237,0.572135,1.971114,0.107855,-0.033209,0.004457,0.873912,0.418587,1.968120,-0.114542,-0.064921,-0.039423,1613271591113
0.164371,0.870541,1.652469,0.178312,-0.061938,0.008161,1.315603,0.114988,1.650149,-0.185965,-0.100007,-0.068888,0.277751,0.795145,1.738548,0.160276,-0.055673,0.007335,1.204248,0.191848,1.735755,-0.167155,-0.089892,-0.061920,0.390521,0.720147,1.824247,0.142320,-0.049436,0.006513,1.093495,0.268303,1.820980,-0.148429,-0.079821,-0.054983,0.502736,0.645509,1.909607,0.124436,-0.043224,0.005695,0.983289,0.344393,1.905865,-0.129777,-0.069791,-0.048074,0.614452,0.571194,1.994672,0.106614,-0.037033,0.004879,0.873574,0.420154,1.990453,-0.111190,-0.059795,-0.041189,1613271591168
0.191042,0.855002,1.676600,0.152432,-0.055588,0.006584,1.269668,0.143598,1.690613,-0.175419,-0.081119,-0.077083,0.296290,0.783974,1.756669,0.137014,-0.049966,0.005918,1.168394,0.214768,1.775696,-0.157676,-0.072914,-0.069287,0.400936,0.713338,1.836366,0.121664,-0.044368,0.005255,1.067704,0.285544,1.860418,-0.140012,-0.064745,-0.061525,0.505032,0.643059,1.915731,0.106376,-0.038793,0.004594,0.967548,0.355964,1.944819,-0.122417,-0.056609,-0.053793,0.608632,0.573101,1.994805,0.091140,-0.033237,0.003936,0.867876,0.426062,2.028943,-0.104884,-0.048502,-0.046089,1613271591239
0.248916,0.843188,1.732455,0.037221,-0.031048,0.076881,1.205647,0.183589,1.746461,-0.119560,-0.041590,-0.086127,0.345408,0.782758,1.799035,0.033456,-0.027908,0.069104,1.113751,0.241310,1.833734,-0.107467,-0.037384,-0.077415,0.441322,0.722720,1.865265,0.029708,-0.024781,0.061363,1.022413,0.298652,1.920674,-0.095428,-0.033196,-0.068743,0.536707,0.663043,1.931178,0.025975,-0.021667,0.053652,0.931585,0.355643,2.007324,-0.083436,-0.029024,-0.060104,0.631610,0.603697,1.996806,0.022255,-0.018564,0.045967,0.841223,0.412313,2.093728,-0.071486,-0.024867,-0.051496,1613271591327
0.343405,0.780626,1.813228,0.089867,-0.038336,0.077258,1.121439,0.230305,1.818791,0.070202,0.047672,0.046942,0.471222,0.723336,1.848237,0.080777,-0.034459,0.069443,0.997178,0.286489,1.922150,0.063102,0.042850,0.042194,0.598525,0.666409,1.882919,0.071728,-0.030598,0.061664,0.873415,0.342316,2.025220,0.056032,0.038050,0.037467,0.725378,0.609814,1.917293,0.062714,-0.026753,0.053915,0.750088,0.397814,2.128053,0.048991,0.033268,0.032759,0.848129,0.527707,1.987301,0.053732,-0.022921,0.046193,0.630851,0.478829,2.194775,0.041974,0.028504,0.028067,1613271591383
0.397283,0.746417,1.856538,0.026805,-0.025022,0.070003,1.094444,0.247988,1.849291,0.173475,0.289218,0.182584,0.535339,0.687780,1.881011,0.024094,-0.022491,0.062922,0.957224,0.307191,1.955720,0.155928,0.259964,0.164116,0.672914,0.629487,1.905175,0.021395,-0.019971,0.055873,0.820483,0.366047,2.061877,0.138460,0.230840,0.145730,0.810075,0.571509,1.929041,0.018706,-0.017462,0.048852,0.684151,0.424586,2.167814,0.121060,0.201832,0.127417,0.908889,0.489655,2.010816,0.016027,-0.014961,0.041855,0.586164,0.507000,2.215391,0.103721,0.172925,0.109168,1613271591437
0.442815,0.709705,1.897332,0.032029,-0.017819,0.136108,1.042536,0.271026,1.884417,0.144014,-0.037360,0.124751,0.576215,0.657366,1.909441,0.028790,-0.016016,0.122341,0.910618,0.325314,1.995531,0.129447,-0.033581,0.112132,0.709152,0.605356,1.921255,0.025564,-0.014222,0.108636,0.779156,0.379264,2.106392,0.114945,-0.029819,0.099570,0.852555,0.521666,1.973766,0.022352,-0.012435,0.094984,0.637223,0.464887,2.176070,0.100501,-0.026072,0.087058,0.945284,0.446951,2.049136,0.019151,-0.010654,0.081380,0.545957,0.541528,2.222465,0.086107,-0.022338,0.074589,1613271591538
0.503135,0.665018,1.940483,-0.095540,-0.125294,-0.258767,0.984680,0.307215,1.938760,0.076403,-0.060298,0.405709,0.663861,0.609800,1.941428,-0.085877,-0.112621,-0.232594,0.825186,0.365242,2.051177,0.068675,-0.054199,0.364673,0.824169,0.554886,1.942093,-0.076256,-0.100004,-0.206536,0.666106,0.422952,2.163369,0.060981,-0.048127,0.323818,0.898359,0.450717,2.050838,-0.066673,-0.087437,-0.180582,0.593137,0.529906,2.167035,0.053318,-0.042080,0.283126,0.984529,0.386163,2.115169,-0.057124,-0.074914,-0.154718,0.508186,0.597235,2.214723,0.045682,-0.036053,0.242576,1613271591603
0.553691,0.636405,1.967613,-0.314703,-0.066700,-0.515668,0.954517,0.333556,1.974613,0.022618,-0.041187,0.363626,0.694364,0.605858,1.955322,-0.282871,-0.059953,-0.463510,0.813013,0.367142,2.093895,0.020330,-0.037021,0.326846,0.891960,0.434397,2.055826,-0.251181,-0.053237,-0.411583,0.614590,0.541627,2.099906,0.018052,-0.032873,0.290229,0.885857,0.398186,2.136172,-0.219617,-0.046547,-0.359862,0.619871,0.580851,2.125654,0.015784,-0.028742,0.253758,0.973817,0.341156,2.188281,-0.188162,-0.039880,-0.308321,0.531090,0.640883,2.179270,0.013523,-0.024626,0.217414,1613271591670
0.589791,0.592201,1.990255,-0.110611,-0.008037,-0.140105,0.922805,0.356308,2.013535,-0.020188,-0.007879,0.332248,0.863572,0.368223,2.094955,-0.099423,-0.007224,-0.125933,0.647750,0.585494,2.009599,-0.018146,-0.007082,0.298642,0.934871,0.326971,2.140332,-0.088285,-0.006415,-0.111825,0.575183,0.631931,2.064538,-0.016113,-0.006289,0.265185,1.005887,0.285883,2.185529,-0.077191,-0.005609,-0.097773,0.502903,0.678183,2.119260,-0.014088,-0.005498,0.231861,1.076656,0.244938,2.230569,-0.066135,-0.004806,-0.083769,0.430875,0.724275,2.173791,-0.012070,-0.004711,0.198653,1613271591724
0.605130,0.568430,1.999292,-0.020062,-0.038880,-0.047569,0.886709,0.378723,2.047809,-0.157860,-0.100708,0.345385,0.661173,0.563183,1.959004,-0.018033,-0.034947,-0.042757,0.831491,0.389316,2.184481,-0.141893,-0.090522,0.310450,0.757332,0.516036,1.974688,-0.016012,-0.031032,-0.037967,0.736154,0.441784,2.264751,-0.125997,-0.080381,0.275671,0.850659,0.451189,2.040701,-0.014000,-0.027133,-0.033196,0.643646,0.511931,2.294313,-0.110163,-0.070280,0.241029,0.943660,0.386568,2.106484,-0.011995,-0.023247,-0.028442,0.551461,0.581835,2.323773,-0.094385,-0.060214,0.206508,1613271591778
0.638345,0.548482,2.007821,0.019463,0.027956,0.058626,0.856289,0.397063,2.082437,-0.111760,-0.056100,0.329276,0.745875,0.524233,1.947069,0.017494,0.025128,0.052696,0.749302,0.426820,2.235207,-0.100456,-0.050425,0.295971,0.837632,0.472045,1.978814,0.015535,0.022313,0.046792,0.658086,0.484491,2.295071,-0.089202,-0.044776,0.262813,0.920867,0.412726,2.044308,0.013582,0.019509,0.040912,0.575388,0.549272,2.320823,-0.077992,-0.039150,0.229787,1.003813,0.353614,2.109574,0.011637,0.016715,0.035053,0.492979,0.613827,2.346486,-0.066822,-0.033542,0.196876,1613271591833
0.658341,0.537032,2.011038,0.028381,-0.064971,-0.073198,0.833272,0.411010,2.103930,-0.114169,-0.052929,0.318849,0.764285,0.503638,1.955445,0.025510,-0.058400,-0.065795,0.728176,0.449660,2.249042,-0.102621,-0.047576,0.286599,0.851606,0.446144,2.008682,0.022652,-0.051857,-0.058424,0.641699,0.512386,2.284925,-0.091125,-0.042246,0.254491,0.933086,0.390080,2.070423,0.019806,-0.045341,-0.051082,0.561061,0.573661,2.311952,-0.079674,-0.036937,0.222511,1.014282,0.334211,2.131949,0.016969,-0.038847,-0.043766,0.480704,0.634723,2.338885,-0.068262,-0.031647,0.190642,1613271591886
0.696404,0.526642,2.014237,-0.092711,-0.014626,-0.009500,0.803562,0.428784,2.132112,-0.003160,0.024876,0.249865,0.858836,0.427739,2.017180,-0.083334,-0.013147,-0.008539,0.641133,0.532195,2.215513,-0.002841,0.022360,0.224592,0.912262,0.382251,2.113730,-0.073998,-0.011674,-0.007583,0.587710,0.582172,2.204924,-0.002523,0.019855,0.199431,0.986119,0.334216,2.162270,-0.064699,-0.010207,-0.006630,0.513856,0.634678,2.242005,-0.002206,0.017360,0.174370,1.059720,0.286348,2.210641,-0.055433,-0.008745,-0.005680,0.440259,0.687001,2.278956,-0.001890,0.014874,0.149396,1613271591956
0.724983,0.506867,2.022974,0.049673,0.005658,0.050449,0.761128,0.450931,2.159145,0.059632,0.024497,0.297783,0.850228,0.439846,2.003422,0.044649,0.005086,0.045346,0.637287,0.522221,2.261424,0.053600,0.022019,0.267663,0.861845,0.423554,2.090713,0.039647,0.004516,0.040266,0.627069,0.542763,2.256491,0.047595,0.019552,0.237677,0.942038,0.370328,2.142146,0.034665,0.003949,0.035206,0.548270,0.600221,2.287091,0.041614,0.017095,0.207809,1.021951,0.317288,2.193399,0.029700,0.003383,0.030163,0.469744,0.657479,2.317585,0.035654,0.014647,0.178046,1613271592028
0.767682,0.486561,2.020753,0.185829,0.035970,0.024686,0.726924,0.471629,2.178156,0.022915,0.019478,0.267770,0.882261,0.401141,2.082242,0.167033,0.032331,0.022189,0.612891,0.561278,2.197695,0.020597,0.017508,0.240685,0.951466,0.356202,2.129044,0.148320,0.028709,0.019703,0.544229,0.610428,2.231562,0.018290,0.015547,0.213722,1.020396,0.311440,2.175659,0.129682,0.025102,0.017227,0.475839,0.659383,2.265295,0.015991,0.013593,0.186865,1.089087,0.266834,2.222113,0.111108,0.021506,0.014760,0.407688,0.708167,2.298911,0.013701,0.011646,0.160101,1613271592081
0.779009,0.485375,2.010009,-0.099201,-0.340058,0.043389,0.694259,0.491619,2.196177,-0.034570,0.030368,0.264700,0.851935,0.436281,2.059571,-0.089167,-0.305662,0.039001,0.624036,0.543041,2.226908,-0.031073,0.027296,0.237927,0.924538,0.387404,2.108912,-0.079178,-0.271419,0.034631,0.554126,0.594234,2.257502,-0.027592,0.024238,0.211272,0.996852,0.338722,2.158057,-0.069228,-0.237311,0.030280,0.484492,0.645224,2.287976,-0.024125,0.021193,0.184723,1.068915,0.290209,2.207032,-0.059313,-0.203323,0.025943,0.415101,0.696036,2.318343,-0.020670,0.018157,0.158266,1613271592136
0.782626,0.488000,1.995132,-0.425477,-0.563116,0.128017,0.666413,0.505159,2.214033,0.045421,0.047191,0.229728,0.855187,0.438640,2.046198,-0.382441,-0.506158,0.115068,0.599007,0.555211,2.242958,0.040826,0.042417,0.206491,0.927425,0.389500,2.097037,-0.339596,-0.449454,0.102177,0.531901,0.605040,2.271754,0.036253,0.037665,0.183358,0.999377,0.340554,2.147675,-0.296921,-0.392974,0.089337,0.465060,0.654672,2.300436,0.031697,0.032932,0.160317,1.071078,0.291778,2.198136,-0.254395,-0.336690,0.076542,0.398452,0.704132,2.329019,0.027157,0.028216,0.137356,1613271592228
0.772324,0.485358,1.980812,-0.333834,-0.475639,0.145352,0.626915,0.533795,2.238805,0.002397,0.213113,0.309008,0.845926,0.436266,2.033327,-0.300068,-0.427529,0.130650,0.563505,0.580950,2.265224,0.002155,0.191557,0.277753,0.919202,0.387391,2.085608,-0.266451,-0.379633,0.116013,0.500375,0.627896,2.291526,0.001913,0.170097,0.246636,0.992187,0.338710,2.137682,-0.232968,-0.331927,0.101435,0.437497,0.674656,2.317723,0.001673,0.148722,0.215643,1.064918,0.290199,2.189575,-0.199601,-0.284387,0.086907,0.374836,0.721253,2.343830,0.001433,0.127422,0.184758,1613271592287
0.761182,0.486581,1.972618,-0.019465,0.022372,0.110613,0.598966,0.548855,2.255662,-0.022890,0.032745,0.224117,0.835912,0.437364,2.025962,-0.017496,0.020110,0.099425,0.538382,0.594487,2.280376,-0.020574,0.029433,0.201448,0.910309,0.388367,2.079068,-0.015536,0.017857,0.088286,0.478068,0.639916,2.304981,-0.018269,0.026136,0.178880,0.984412,0.339563,2.131964,-0.013584,0.015613,0.077192,0.417992,0.685166,2.329487,-0.015974,0.022851,0.156402,1.058256,0.290930,2.184675,-0.011638,0.013377,0.066136,0.358125,0.730258,2.353909,-0.013686,0.019579,0.134001,1613271592377
0.724288,0.496393,1.963632,0.048596,-0.049188,0.014886,0.565459,0.573104,2.273873,0.003497,0.041866,0.215460,0.802749,0.446184,2.017884,0.043680,-0.044213,0.013380,0.508264,0.616283,2.296745,0.003143,0.037631,0.193667,0.880862,0.396198,2.071895,0.038787,-0.039260,0.011881,0.451324,0.659271,2.319516,0.002791,0.033415,0.171971,0.958665,0.346411,2.125692,0.033913,-0.034326,0.010388,0.394609,0.702088,2.342196,0.002440,0.029216,0.150360,1.036197,0.296796,2.179302,0.029056,-0.029410,0.008900,0.338091,0.744756,2.364797,0.002091,0.025032,0.128825,1613271592423
0.714240,0.506039,1.971243,0.032219,0.175890,-0.068533,0.541952,0.587294,2.281232,-0.010975,-0.042654,0.255298,0.793717,0.454854,2.024726,0.028960,0.158099,-0.061601,0.487135,0.629038,2.303359,-0.009865,-0.038340,0.229475,0.872842,0.403897,2.077970,0.025716,0.140387,-0.054700,0.432561,0.670597,2.325389,-0.008760,-0.034045,0.203767,0.951653,0.353142,2.131004,0.022484,0.122746,-0.047826,0.378204,0.711991,2.347331,-0.007659,-0.029767,0.178161,1.030189,0.302564,2.183853,0.019264,0.105166,-0.040976,0.324036,0.753241,2.369197,-0.006562,-0.025503,0.152644,1613271592515
0.702638,0.518999,1.999595,0.090808,-0.043265,0.047642,0.515857,0.612976,2.292084,0.007721,0.031376,0.283563,0.783289,0.466503,2.050210,0.081623,-0.038889,0.042823,0.463680,0.652122,2.313115,0.006940,0.028202,0.254882,0.863581,0.414241,2.100600,0.072479,-0.034532,0.038025,0.411734,0.691095,2.334051,0.006163,0.025043,0.226327,0.943556,0.362186,2.150790,0.063371,-0.030193,0.033247,0.359994,0.729913,2.354905,0.005388,0.021896,0.197886,1.023252,0.310312,2.200805,0.054295,-0.025869,0.028485,0.308434,0.768596,2.375686,0.004616,0.018760,0.169544,1613271592578
0.727508,0.525861,2.043743,0.263932,0.411152,0.214537,0.499385,0.638439,2.299082,-0.010565,0.004023,0.031815,0.805643,0.472672,2.089892,0.237236,0.369565,0.192837,0.448873,0.675010,2.319404,-0.009497,0.003616,0.028597,0.883432,0.419719,2.135836,0.210658,0.328163,0.171234,0.398586,0.711419,2.339636,-0.008433,0.003211,0.025393,0.960912,0.366975,2.181598,0.184186,0.286925,0.149716,0.348499,0.747683,2.359788,-0.007373,0.002807,0.022202,1.038122,0.314416,2.227201,0.157806,0.245830,0.128273,0.298585,0.783821,2.379870,-0.006317,0.002405,0.019022,1613271592635
0.731565,0.521890,2.079920,0.282834,0.243383,0.130430,0.488411,0.660600,2.304902,-0.046906,0.001531,-0.157253,0.809290,0.469102,2.122410,0.254226,0.218766,0.117237,0.439009,0.694929,2.324636,-0.042162,0.001376,-0.141347,0.886670,0.416549,2.164711,0.225746,0.194257,0.104103,0.389827,0.729106,2.344281,-0.037438,0.001222,-0.125512,0.963743,0.364204,2.206845,0.197378,0.169846,0.091021,0.340840,0.763148,2.363850,-0.032734,0.001068,-0.109740,1.040548,0.312041,2.248832,0.169108,0.145520,0.077985,0.292024,0.797071,2.383350,-0.028046,0.000915,-0.094022,1613271592718
0.752717,0.505625,2.132052,0.292863,0.157841,0.153804,0.463803,0.678975,2.316345,0.010400,0.028907,-0.118795,0.828303,0.454483,2.169269,0.263241,0.141876,0.138248,0.416890,0.711446,2.334921,0.009349,0.025983,-0.106779,0.903553,0.403567,2.206321,0.233750,0.125982,0.122760,0.370186,0.743772,2.353415,0.008301,0.023073,-0.094817,0.978504,0.352854,2.243226,0.204376,0.110150,0.107333,0.323667,0.775971,2.371835,0.007258,0.020173,-0.082902,1.053195,0.302316,2.280002,0.175104,0.094374,0.091961,0.277310,0.808057,2.390191,0.006219,0.017284,-0.071028,1613271592765
0.766077,0.497260,2.148152,0.216052,0.146709,0.105240,0.444353,0.691641,2.323941,0.063535,0.031137,-0.103631,0.840311,0.446964,2.183740,0.194199,0.131870,0.094595,0.399408,0.722830,2.341749,0.057108,0.027988,-0.093149,0.914216,0.396891,2.219171,0.172443,0.117096,0.083998,0.354662,0.753882,2.359478,0.050711,0.024853,-0.082714,0.987827,0.347016,2.254461,0.150773,0.102382,0.073442,0.310094,0.784810,2.377136,0.044338,0.021729,-0.072320,1.061183,0.297315,2.289628,0.129179,0.087718,0.062924,0.265681,0.815630,2.394733,0.037988,0.018617,-0.061962,1613271592885
0.810756,0.462100,2.168929,0.005453,-0.044603,-0.047744,0.411665,0.712895,2.334837,0.043800,0.000847,-0.112155,0.880471,0.415360,2.202416,0.004901,-0.040091,-0.042915,0.370026,0.741935,2.351543,0.039369,0.000761,-0.100810,0.949876,0.368828,2.235754,0.004352,-0.035600,-0.038107,0.328572,0.770845,2.368175,0.034959,0.000676,-0.089517,1.019007,0.322479,2.268960,0.003805,-0.031126,-0.033318,0.287283,0.799642,2.384740,0.030566,0.000591,-0.078268,1.087897,0.276293,2.302051,0.003260,-0.026668,-0.028546,0.246137,0.828338,2.401248,0.026188,0.000506,-0.067058,1613271592940
0.840367,0.455968,2.170569,0.008814,-0.059115,-0.372937,0.393530,0.722106,2.341477,0.010331,-0.002950,-0.120206,0.907087,0.409848,2.203890,0.007923,-0.053136,-0.335216,0.353726,0.750214,2.357511,0.009286,-0.002652,-0.108047,0.973511,0.363933,2.237063,0.007035,-0.047183,-0.297662,0.314098,0.778198,2.373474,0.008246,-0.002355,-0.095943,1.039671,0.318200,2.270105,0.006151,-0.041254,-0.260256,0.274627,0.806070,2.389374,0.007209,-0.002059,-0.083886,1.105601,0.272626,2.303031,0.005270,-0.035345,-0.222981,0.235294,0.833846,2.405218,0.006177,-0.001764,-0.071872,1613271592998
0.862747,0.442556,2.172314,-0.070883,-0.057475,-0.435073,0.376882,0.730524,2.350682,0.002748,-0.005095,-0.101113,0.927203,0.397792,2.205459,-0.063714,-0.051662,-0.391066,0.338761,0.757781,2.365785,0.002470,-0.004580,-0.090886,0.991373,0.353228,2.238456,-0.056576,-0.045874,-0.347255,0.300810,0.784916,2.380821,0.002193,-0.004067,-0.080704,1.055289,0.308840,2.271323,-0.049466,-0.040110,-0.303618,0.263009,0.811945,2.395797,0.001917,-0.003556,-0.070563,1.118983,0.264607,2.304075,-0.042382,-0.034365,-0.260132,0.225340,0.838879,2.410722,0.001643,-0.003047,-0.060456,1613271593084
0.894969,0.413815,2.191331,-0.018895,-0.081127,-0.455950,0.360557,0.740732,2.359898,-0.019131,0.217541,-0.143789,0.956166,0.371959,2.222552,-0.016984,-0.072921,-0.409832,0.324088,0.766957,2.374069,-0.017196,0.195537,-0.129245,1.017092,0.330289,2.253634,-0.015081,-0.064752,-0.363919,0.287780,0.793064,2.388177,-0.015270,0.173631,-0.114766,1.077776,0.288784,2.284593,-0.013186,-0.056615,-0.318187,0.251617,0.819069,2.402229,-0.013351,0.151812,-0.100344,1.138248,0.247423,2.315445,-0.011297,-0.048506,-0.272615,0.215579,0.844982,2.416232,-0.011439,0.130069,-0.085972,1613271593138
0.906155,0.401356,2.204367,0.013685,-0.102846,-0.484498,0.335383,0.752031,2.371063,-0.035342,-0.000222,-0.090893,0.966221,0.360760,2.234269,0.012300,-0.092444,-0.435492,0.301460,0.777112,2.384105,-0.031768,-0.000199,-0.081700,1.026020,0.320344,2.264039,0.010922,-0.082087,-0.386704,0.267687,0.802082,2.397089,-0.028209,-0.000177,-0.072547,1.085582,0.280089,2.293691,0.009550,-0.071772,-0.338109,0.234049,0.826953,2.410021,-0.024664,-0.000155,-0.063430,1.144937,0.239973,2.323239,0.008182,-0.061492,-0.289684,0.200527,0.851738,2.422908,-0.021131,-0.000133,-0.054346,1613271593230
0.937438,0.379245,2.231562,-0.081535,-0.047761,-0.432471,0.319854,0.762509,2.379133,-0.053550,-0.015337,-0.107969,0.994340,0.340886,2.258714,-0.073288,-0.042930,-0.388728,0.287501,0.786530,2.391359,-0.048133,-0.013786,-0.097048,1.050989,0.302696,2.285745,-0.065077,-0.038121,-0.345179,0.255293,0.810445,2.403530,-0.042741,-0.012241,-0.086176,1.107413,0.264659,2.312669,-0.056900,-0.033330,-0.301803,0.223212,0.834265,2.415652,-0.037370,-0.010703,-0.075347,1.163641,0.226753,2.339499,-0.048750,-0.028557,-0.258577,0.191242,0.858003,2.427733,-0.032018,-0.009170,-0.064555,1613271593283
0.945591,0.359621,2.249146,0.060129,-0.002704,-0.260570,0.310334,0.768843,2.386662,-0.007564,0.246696,-0.124416,1.001668,0.323246,2.274519,0.054047,-0.002430,-0.234214,0.278945,0.792224,2.398126,-0.006799,0.221743,-0.111832,1.057496,0.287033,2.299780,0.047992,-0.002158,-0.207975,0.247695,0.815501,2.409539,-0.006037,0.196901,-0.099303,1.113102,0.250964,2.324940,0.041961,-0.001887,-0.181840,0.216568,0.838686,2.420906,-0.005279,0.172158,-0.086824,1.168515,0.215020,2.350013,0.035951,-0.001617,-0.155796,0.185551,0.861790,2.432234,-0.004523,0.147501,-0.074389,1613271593370
0.975856,0.352924,2.255692,-0.182057,-0.033986,-0.359083,0.282825,0.784258,2.397223,-0.045196,0.021503,-0.026560,1.028872,0.317226,2.280403,-0.163642,-0.030549,-0.322762,0.254218,0.806080,2.407618,-0.040625,0.019328,-0.023873,1.081652,0.281688,2.305004,-0.145310,-0.027126,-0.286604,0.225738,0.827805,2.417968,-0.036074,0.017163,-0.021199,1.134223,0.246290,2.329508,-0.127049,-0.023718,-0.250588,0.197371,0.849443,2.428276,-0.031541,0.015006,-0.018535,1.186611,0.211015,2.353927,-0.108853,-0.020321,-0.214698,0.169102,0.871007,2.438549,-0.027023,0.012857,-0.015880,1613271593417
0.983598,0.335906,2.270727,0.030589,-0.050971,-0.445364,0.281152,0.789438,2.400575,-0.043130,0.232555,-0.145291,1.035830,0.301930,2.293917,0.027495,-0.045816,-0.400317,0.252715,0.810736,2.410632,-0.038768,0.209033,-0.130595,1.087831,0.268105,2.317004,0.024415,-0.040683,-0.355469,0.224403,0.831939,2.420644,-0.034425,0.185615,-0.115965,1.139626,0.234414,2.340000,0.021347,-0.035571,-0.310800,0.196204,0.853058,2.430616,-0.030099,0.162290,-0.101392,1.191240,0.200840,2.362916,0.018290,-0.030476,-0.266286,0.168103,0.874104,2.440553,-0.025788,0.139046,-0.086870,1613271593471
1.003273,0.325638,2.281569,0.024402,0.029410,-0.408884,0.265003,0.797722,2.407739,-0.038365,0.015332,-0.134443,1.053515,0.292701,2.303663,0.021934,0.026436,-0.367526,0.238198,0.818181,2.417071,-0.034484,0.013781,-0.120844,1.103535,0.259910,2.325658,0.019477,0.023474,-0.326353,0.211513,0.838551,2.426362,-0.030621,0.012237,-0.107306,1.153356,0.227249,2.347567,0.017029,0.020524,-0.285342,0.184934,0.858839,2.435615,-0.026773,0.010699,-0.093822,1.203004,0.194701,2.369399,0.014590,0.017585,-0.244474,0.158447,0.879057,2.444837,-0.022938,0.009167,-0.080384,1613271593526
1.024636,0.315079,2.294759,0.015249,0.096937,-0.391427,0.257367,0.803065,2.412512,0.007843,0.248622,-0.101057,1.072718,0.283210,2.315518,0.013707,0.087132,-0.351835,0.231335,0.822984,2.421361,0.007050,0.223475,-0.090835,1.120586,0.251482,2.336186,0.012171,0.077371,-0.312419,0.205419,0.842815,2.430171,0.006260,0.198439,-0.080659,1.168264,0.219880,2.356771,0.010642,0.067648,-0.273160,0.179605,0.862568,2.438946,0.005473,0.173503,-0.070523,1.215777,0.188388,2.377285,0.009117,0.057959,-0.234037,0.153881,0.882251,2.447690,0.004689,0.148653,-0.060422,1613271593618
1.053007,0.299774,2.315321,0.035684,0.040064,-0.382837,0.232134,0.817982,2.422234,-0.014713,-0.004596,-0.086461,1.098219,0.269453,2.334001,0.032074,0.036012,-0.344114,0.208654,0.836393,2.430099,-0.013225,-0.004131,-0.077715,1.143231,0.239266,2.352598,0.028481,0.031978,-0.305563,0.185278,0.854721,2.437930,-0.011743,-0.003668,-0.069009,1.188064,0.209199,2.371121,0.024902,0.027959,-0.267165,0.161996,0.872978,2.445730,-0.010268,-0.003207,-0.060337,1.232740,0.179237,2.389579,0.021335,0.023955,-0.228901,0.138794,0.891170,2.453503,-0.008797,-0.002748,-0.051695,1613271593669
1.063712,0.293653,2.321227,0.056715,0.038535,-0.376382,0.223006,0.823628,2.426868,0.009654,0.008591,-0.075051,1.107841,0.263951,2.339309,0.050978,0.034637,-0.338312,0.200450,0.841468,2.434266,0.008678,0.007722,-0.067460,1.151774,0.234381,2.357311,0.045267,0.030757,-0.300411,0.177993,0.859228,2.441630,0.007706,0.006857,-0.059902,1.195534,0.204927,2.375242,0.039579,0.026892,-0.262660,0.155626,0.876918,2.448965,0.006737,0.005995,-0.052375,1.239141,0.175577,2.393110,0.033910,0.023040,-0.225041,0.133337,0.894546,2.456274,0.005772,0.005137,-0.044873,1613271593718
1.087839,0.282080,2.331946,0.058131,0.036541,-0.321756,0.218967,0.830483,2.428816,0.000837,0.266138,-0.097038,1.129528,0.253548,2.348944,0.052251,0.032845,-0.289211,0.196819,0.847629,2.436016,0.000752,0.239219,-0.087223,1.171032,0.225143,2.365867,0.046397,0.029166,-0.256811,0.174770,0.864699,2.443184,0.000668,0.212419,-0.077451,1.212371,0.196851,2.382723,0.040567,0.025501,-0.224539,0.152808,0.881701,2.450324,0.000584,0.185726,-0.067719,1.253567,0.168657,2.399520,0.034757,0.021848,-0.192380,0.130922,0.898645,2.457439,0.000500,0.159125,-0.058020,1613271593773
1.122644,0.270355,2.331068,-0.106078,0.528008,-0.315143,0.202489,0.837698,2.434248,0.016866,-0.001004,-0.068986,1.160813,0.243010,2.348155,-0.095349,0.474601,-0.283267,0.182008,0.854114,2.440899,0.015160,-0.000903,-0.062008,1.198812,0.215786,2.365166,-0.084667,0.421432,-0.251533,0.161618,0.870458,2.447520,0.013462,-0.000802,-0.055061,1.236660,0.188669,2.382110,-0.074027,0.368473,-0.219924,0.141308,0.886736,2.454115,0.011770,-0.000701,-0.048142,1.274377,0.161647,2.398995,-0.063425,0.315699,-0.188426,0.121069,0.902958,2.460687,0.010084,-0.000601,-0.041247,1613271593827
1.127841,0.259311,2.347878,0.048251,-0.024626,-0.203492,0.191829,0.847825,2.437579,-0.039880,-0.030180,-0.089359,1.165484,0.233082,2.363265,0.043370,-0.022135,-0.182909,0.172426,0.863217,2.443893,-0.035847,-0.027128,-0.080320,1.202960,0.206970,2.378583,0.038512,-0.019655,-0.162418,0.153109,0.878541,2.450179,-0.031831,-0.024089,-0.071322,1.240287,0.180962,2.393841,0.033672,-0.017185,-0.142008,0.133869,0.893804,2.456439,-0.027831,-0.021062,-0.062360,1.277484,0.155044,2.409045,0.028849,-0.014724,-0.121669,0.114696,0.909014,2.462678,-0.023845,-0.018045,-0.053428,1613271593918
1.162990,0.240953,2.364132,0.093138,0.263897,0.232304,0.184990,0.853805,2.442690,0.008488,0.239293,-0.095478,1.197078,0.216581,2.377875,0.083718,0.237205,0.208807,0.166279,0.868592,2.448487,0.007630,0.215089,-0.085820,1.231014,0.192318,2.391556,0.074339,0.210631,0.185415,0.147651,0.883313,2.454258,0.006775,0.190993,-0.076206,1.264816,0.168151,2.405184,0.064997,0.184162,0.162115,0.129096,0.897977,2.460006,0.005924,0.166992,-0.066630,1.298500,0.144067,2.418764,0.055688,0.157786,0.138896,0.110607,0.912589,2.465734,0.005075,0.143075,-0.057087,1613271593966
1.178452,0.238952,2.360792,-0.089029,0.613761,0.078231,0.181099,0.857708,2.446687,0.021786,0.269377,-0.097526,1.210976,0.214783,2.374873,-0.080024,0.551680,0.070318,0.162781,0.872101,2.452079,0.019582,0.242130,-0.087661,1.243355,0.190721,2.388891,-0.071059,0.489876,0.062441,0.144545,0.886429,2.457448,0.017388,0.215004,-0.077841,1.275606,0.166754,2.402853,-0.062129,0.428316,0.054594,0.126381,0.900701,2.462795,0.015203,0.187986,-0.068059,1.307745,0.142871,2.416767,-0.053231,0.366971,0.046775,0.108280,0.914923,2.468124,0.013026,0.161062,-0.058311,1613271594058
1.207577,0.213583,2.378825,-0.056535,0.630464,0.088743,0.157513,0.872491,2.454755,-0.038582,-0.054396,-0.082193,1.237155,0.191980,2.391082,-0.050817,0.566694,0.079767,0.141581,0.885388,2.459331,-0.034679,-0.048894,-0.073880,1.266601,0.170472,2.403284,-0.045124,0.503208,0.070831,0.125719,0.898228,2.463887,-0.030794,-0.043417,-0.065603,1.295931,0.149050,2.415437,-0.039453,0.439973,0.061930,0.109921,0.911017,2.468425,-0.026924,-0.037961,-0.057359,1.325159,0.127702,2.427549,-0.033803,0.376958,0.053060,0.094178,0.923762,2.472948,-0.023068,-0.032524,-0.049144,1613271594105
1.222820,0.196397,2.389591,-0.057282,0.616056,0.094397,0.148093,0.878777,2.456196,-0.076863,-0.026908,0.019384,1.250856,0.176532,2.400759,-0.051488,0.553744,0.084849,0.133114,0.891038,2.460627,-0.069089,-0.024187,0.017424,1.278767,0.156755,2.411877,-0.045720,0.491708,0.075344,0.118201,0.903245,2.465038,-0.061349,-0.021477,0.015472,1.306568,0.137057,2.422951,-0.039975,0.429918,0.065876,0.103348,0.915404,2.469431,-0.053640,-0.018778,0.013527,1.334272,0.117427,2.433986,-0.034249,0.368344,0.056441,0.088546,0.927520,2.473810,-0.045957,-0.016089,0.011590,1613271594197
1.232534,0.176539,2.403665,0.207659,0.567942,0.592101,0.140002,0.883412,2.461820,0.005484,-0.003653,-0.068240,1.259588,0.158682,2.413409,0.186655,0.510496,0.532212,0.125841,0.895204,2.465681,0.004929,-0.003284,-0.061338,1.286521,0.140905,2.423110,0.165744,0.453305,0.472589,0.111743,0.906944,2.469526,0.004377,-0.002916,-0.054466,1.313347,0.123199,2.432772,0.144916,0.396341,0.413201,0.097701,0.918638,2.473356,0.003827,-0.002549,-0.047622,1.340081,0.105554,2.442401,0.124160,0.339576,0.354021,0.083708,0.930291,2.477172,0.003279,-0.002184,-0.040801,1613271594280
1.242539,0.148350,2.410727,-0.017553,0.359523,0.257262,0.132102,0.893340,2.461561,-0.055697,0.165149,0.013138,1.268580,0.133345,2.419756,-0.015778,0.323158,0.231240,0.118741,0.904128,2.465449,-0.050064,0.148444,0.011809,1.294506,0.118406,2.428746,-0.014010,0.286955,0.205335,0.105438,0.914869,2.469320,-0.044455,0.131814,0.010486,1.320329,0.103527,2.437700,-0.012250,0.250895,0.179532,0.092188,0.925567,2.473175,-0.038869,0.115250,0.009168,1.346063,0.088699,2.446623,-0.010495,0.214961,0.153818,0.078985,0.936227,2.477017,-0.033302,0.098743,0.007855,1613271594338
1.248178,0.144734,2.413357,-0.098915,0.356082,0.174101,0.122267,0.896271,2.468421,0.015222,-0.016413,-0.055912,1.273649,0.130094,2.422121,-0.088910,0.320065,0.156492,0.109900,0.906763,2.471616,0.013682,-0.014753,-0.050256,1.299007,0.115520,2.430846,-0.078950,0.284209,0.138960,0.097588,0.917208,2.474795,0.012149,-0.013100,-0.044626,1.324264,0.101003,2.439536,-0.069029,0.248494,0.121498,0.085325,0.927612,2.477963,0.010623,-0.011454,-0.039018,1.349434,0.086537,2.448196,-0.059142,0.212904,0.104096,0.073104,0.937980,2.481119,0.009101,-0.009813,-0.033430,1613271594391
1.251799,0.137196,2.416012,-0.135292,0.340466,0.184464,0.118408,0.903061,2.469596,-0.054153,-0.014337,-0.081931,1.276904,0.123319,2.424507,-0.121607,0.306029,0.165806,0.106431,0.912866,2.472671,-0.048676,-0.012887,-0.073644,1.301897,0.109503,2.432965,-0.107984,0.271745,0.147231,0.094508,0.922627,2.475733,-0.043223,-0.011443,-0.065394,1.326791,0.095743,2.441389,-0.094414,0.237596,0.128729,0.082631,0.932350,2.478782,-0.037791,-0.010005,-0.057176,1.351599,0.082030,2.449783,-0.080892,0.203567,0.110292,0.070797,0.942039,2.481821,-0.032379,-0.008572,-0.048987,1613271594446
1.258834,0.127623,2.419529,-0.085383,0.356086,0.174965,0.111144,0.906821,2.475199,-0.008580,0.012612,-0.068747,1.283228,0.114715,2.427669,-0.076747,0.320069,0.157268,0.099902,0.916246,2.477707,-0.007712,0.011337,-0.061793,1.307513,0.101863,2.435772,-0.068149,0.284212,0.139649,0.088710,0.925629,2.480205,-0.006848,0.010067,-0.054870,1.331701,0.089063,2.443843,-0.059585,0.248497,0.122100,0.077562,0.934975,2.482692,-0.005988,0.008802,-0.047975,1.355806,0.076307,2.451886,-0.051051,0.212906,0.104613,0.066454,0.944288,2.485171,-0.005130,0.007541,-0.041104,1613271594510
1.263927,0.122937,2.423338,-0.076776,0.353555,0.166218,0.101969,0.912494,2.476057,-0.035359,-0.030928,0.041636,1.287805,0.110503,2.431092,-0.069011,0.317794,0.149405,0.091655,0.921345,2.478478,-0.031782,-0.027800,0.037425,1.311577,0.098123,2.438812,-0.061279,0.282191,0.132667,0.081387,0.930157,2.480889,-0.028222,-0.024686,0.033232,1.335255,0.085793,2.446501,-0.053579,0.246730,0.115996,0.071160,0.938934,2.483291,-0.024675,-0.021584,0.029056,1.358851,0.073505,2.454163,-0.045905,0.211393,0.099382,0.060968,0.947680,2.485684,-0.021141,-0.018492,0.024895,1613271594565
1.275275,0.118755,2.427613,-0.047768,0.459512,0.115706,0.098647,0.914245,2.480126,0.017349,-0.044562,-0.030465,1.298005,0.106743,2.434935,-0.042936,0.413033,0.104003,0.088669,0.922919,2.482136,0.015594,-0.040055,-0.027384,1.320635,0.094785,2.442224,-0.038126,0.366761,0.092352,0.078735,0.931554,2.484138,0.013847,-0.035567,-0.024316,1.343174,0.082874,2.449484,-0.033335,0.320673,0.080746,0.068841,0.940155,2.486131,0.012107,-0.031098,-0.021260,1.365636,0.071004,2.456719,-0.028561,0.274745,0.069181,0.058981,0.948727,2.488117,0.010373,-0.026644,-0.018215,1613271594649
1.281609,0.114855,2.436843,0.120315,0.442449,0.248672,0.091420,0.925144,2.483467,-0.063160,0.001620,-0.096396,1.303699,0.103238,2.443232,0.108145,0.397696,0.223519,0.082174,0.932715,2.485139,-0.056772,0.001456,-0.086645,1.325690,0.091672,2.449591,0.096030,0.353143,0.198478,0.072968,0.940253,2.486804,-0.050412,0.001293,-0.076939,1.347595,0.080152,2.455926,0.083962,0.308766,0.173537,0.063798,0.947761,2.488462,-0.044077,0.001131,-0.067270,1.369423,0.068673,2.462238,0.071937,0.264543,0.148682,0.054661,0.955243,2.490115,-0.037764,0.000969,-0.057636,1613271594709
1.288466,0.109974,2.444455,0.161373,0.432973,0.244829,0.083014,0.929304,2.485482,-0.025328,-0.069096,-0.077297,1.309862,0.098850,2.450073,0.145050,0.389179,0.220065,0.074617,0.936455,2.486950,-0.022766,-0.062107,-0.069479,1.331163,0.087776,2.455666,0.128800,0.345579,0.195412,0.066258,0.943574,2.488412,-0.020215,-0.055149,-0.061695,1.352380,0.076746,2.461238,0.112615,0.302152,0.170856,0.057932,0.950665,2.489868,-0.017675,-0.048219,-0.053942,1.373523,0.065754,2.466789,0.096486,0.258877,0.146385,0.049634,0.957731,2.491319,-0.015144,-0.041313,-0.046216,1613271594760
1.294839,0.103743,2.449991,0.147861,0.436172,0.017873,0.076960,0.934671,2.485071,-0.048598,0.038426,-0.003529,1.315591,0.093249,2.455049,0.132905,0.392054,0.016065,0.069176,0.941279,2.486581,-0.043683,0.034539,-0.003172,1.336250,0.082803,2.460085,0.118016,0.348133,0.014265,0.061426,0.947857,2.488084,-0.038789,0.030670,-0.002816,1.356827,0.072397,2.465101,0.103186,0.304385,0.012473,0.053707,0.954410,2.489582,-0.033915,0.026816,-0.002462,1.377333,0.062028,2.470099,0.088407,0.260790,0.010686,0.046015,0.960939,2.491074,-0.029057,0.022975,-0.002110,1613271594854
1.296864,0.094697,2.454424,0.045753,0.033734,-0.227601,0.072218,0.937797,2.493043,-0.023537,-0.044196,-0.061332,1.317411,0.085119,2.459034,0.041126,0.030322,-0.204580,0.064913,0.944089,2.493747,-0.021156,-0.039725,-0.055128,1.337866,0.075583,2.463624,0.036518,0.026925,-0.181661,0.057641,0.950353,2.494447,-0.018786,-0.035275,-0.048952,1.358240,0.066085,2.468195,0.031929,0.023542,-0.158833,0.050397,0.956592,2.495145,-0.016425,-0.030842,-0.042801,1.378544,0.056620,2.472750,0.027356,0.020170,-0.136084,0.043179,0.962809,2.495840,-0.014073,-0.026425,-0.036671,1613271594914
1.307848,0.096926,2.449906,-0.161981,0.035438,-0.368287,0.068549,0.936565,2.497911,0.039772,-0.032445,-0.038076,1.327284,0.087123,2.454973,-0.145597,0.031853,-0.331036,0.061616,0.942982,2.498123,0.035749,-0.029163,-0.034225,1.346633,0.077362,2.460018,-0.129286,0.028285,-0.293950,0.054713,0.949369,2.498333,0.031744,-0.025896,-0.030391,1.365906,0.067641,2.465042,-0.113039,0.024730,-0.257011,0.047838,0.955732,2.498542,0.027755,-0.022642,-0.026572,1.385111,0.057953,2.470049,-0.096849,0.021188,-0.220201,0.040986,0.962072,2.498751,0.023780,-0.019399,-0.022766,1613271594996
1.303804,0.074258,2.455621,-0.072328,-0.116455,-0.006065,0.063717,0.944617,2.495590,-0.058984,0.091035,0.024748,1.323648,0.066747,2.460110,-0.065012,-0.104676,-0.005451,0.057272,0.950219,2.496036,-0.053018,0.081827,0.022245,1.343405,0.059270,2.464579,-0.057729,-0.092949,-0.004841,0.050856,0.955796,2.496480,-0.047078,0.072660,0.019753,1.363083,0.051822,2.469030,-0.050474,-0.081269,-0.004232,0.044465,0.961351,2.496923,-0.041162,0.063529,0.017271,1.382693,0.044399,2.473466,-0.043245,-0.069629,-0.003626,0.038097,0.966886,2.497363,-0.035267,0.054430,0.014797,1613271595048
1.314170,0.069519,2.462147,-0.097390,0.058060,-0.029461,0.059765,0.943198,2.500093,0.006683,-0.039919,-0.052674,1.332966,0.062487,2.465975,-0.087539,0.052187,-0.026481,0.053720,0.948943,2.500083,0.006007,-0.035881,-0.047346,1.351679,0.055487,2.469787,-0.077732,0.046341,-0.023514,0.047702,0.954663,2.500074,0.005334,-0.031861,-0.042042,1.370317,0.048514,2.473584,-0.067964,0.040517,-0.020559,0.041707,0.960360,2.500065,0.004664,-0.027858,-0.036759,1.388891,0.041566,2.477367,-0.058230,0.034714,-0.017615,0.035734,0.966038,2.500055,0.003996,-0.023868,-0.031494,1613271595103
1.312606,0.065633,2.470404,-0.106274,-0.104720,-0.033287,0.058917,0.944845,2.502740,0.016708,0.000449,-0.070242,1.331561,0.058994,2.473397,-0.095524,-0.094128,-0.029920,0.052958,0.950424,2.502463,0.015018,0.000404,-0.063137,1.350431,0.052385,2.476378,-0.084823,-0.083583,-0.026568,0.047025,0.955978,2.502187,0.013336,0.000358,-0.056064,1.369226,0.045802,2.479346,-0.074164,-0.073080,-0.023229,0.041116,0.961510,2.501912,0.011660,0.000313,-0.049018,1.387956,0.039242,2.482304,-0.063542,-0.062613,-0.019902,0.035227,0.967022,2.501638,0.009990,0.000268,-0.041998,1613271595166
1.326314,0.061953,2.478191,-0.106938,-0.018956,0.030544,0.054714,0.946419,2.504858,0.027240,-0.016189,-0.012493,1.343882,0.055686,2.480397,-0.096121,-0.017039,0.027455,0.049180,0.951839,2.504367,0.024485,-0.014552,-0.011229,1.361372,0.049448,2.482593,-0.085353,-0.015130,0.024379,0.043670,0.957234,2.503877,0.021742,-0.012922,-0.009971,1.378792,0.043234,2.484781,-0.074627,-0.013229,0.021316,0.038182,0.962608,2.503390,0.019010,-0.011298,-0.008718,1.396152,0.037042,2.486960,-0.063939,-0.011334,0.018263,0.032714,0.967964,2.502905,0.016287,-0.009680,-0.007470,1613271595224
1.331497,0.059099,2.481622,-0.092888,-0.034063,0.023408,0.048795,0.951794,2.504648,-0.025658,-0.039742,0.059208,1.348541,0.053121,2.483481,-0.083492,-0.030618,0.021040,0.043860,0.956670,2.504178,-0.023063,-0.035722,0.053220,1.365509,0.047170,2.485332,-0.074139,-0.027187,0.018683,0.038946,0.961524,2.503710,-0.020479,-0.031720,0.047257,1.382409,0.041243,2.487175,-0.064822,-0.023771,0.016335,0.034052,0.966359,2.503244,-0.017906,-0.027734,0.041319,1.399251,0.035336,2.489012,-0.055538,-0.020366,0.013996,0.029175,0.971177,2.502779,-0.015341,-0.023762,0.035401,1613271595317
1.345330,0.047804,2.486893,0.032682,0.012032,0.140928,0.045388,0.955450,2.505688,-0.028605,-0.010734,0.024409,1.360975,0.042969,2.488219,0.029377,0.010815,0.126674,0.040797,0.959956,2.505113,-0.025712,-0.009648,0.021940,1.376550,0.038155,2.489539,0.026086,0.009604,0.112483,0.036226,0.964442,2.504540,-0.022831,-0.008567,0.019482,1.392063,0.033361,2.490853,0.022808,0.008397,0.098348,0.031674,0.968910,2.503969,-0.019962,-0.007491,0.017034,1.407522,0.028582,2.492163,0.019541,0.007194,0.084262,0.027138,0.973363,2.503401,-0.017103,-0.006418,0.014594,1613271595387
