-0.024317,0.995233,1.010159,-0.012245,0.029764,0.002180,1.498125,-0.001571,1.063425,-0.040555,-0.038937,-0.017273,0.129863,0.894568,1.009132,-0.011006,0.026753,0.001960,1.346593,0.099735,1.057010,-0.036453,-0.034999,-0.015526,0.283359,0.794350,1.008109,-0.009773,0.023756,0.001740,1.195735,0.200591,1.050623,-0.032369,-0.031078,-0.013787,0.436246,0.694529,1.007090,-0.008545,0.020771,0.001522,1.045475,0.301048,1.044262,-0.028302,-0.027172,-0.012054,0.588602,0.595055,1.006074,-0.007321,0.017796,0.001304,0.895738,0.401155,1.037922,-0.024248,-0.023281,-0.010328,1613267153389
-0.023239,0.994535,1.010486,-0.013869,0.036554,0.000349,1.506550,-0.006999,1.062797,-0.000003,-0.038250,-0.028791,0.130833,0.893940,1.009425,-0.012466,0.032856,0.000313,1.354166,0.094856,1.056445,-0.000003,-0.034381,-0.025879,0.284220,0.793793,1.008370,-0.011070,0.029175,0.000278,1.202460,0.196259,1.050122,-0.000003,-0.030530,-0.022979,0.436999,0.694042,1.007318,-0.009679,0.025509,0.000243,1.051355,0.297260,1.043823,-0.000002,-0.026693,-0.020092,0.589247,0.594638,1.006270,-0.008292,0.021856,0.000208,0.900775,0.397909,1.037547,-0.000002,-0.022870,-0.017214,1613267153439
-0.019820,0.991794,1.010639,0.026728,0.090655,-0.000232,1.508760,-0.007177,1.062129,-0.034629,-0.066312,-0.021253,0.133906,0.891477,1.009563,0.024024,0.081485,-0.000209,1.356153,0.094696,1.055845,-0.031126,-0.059604,-0.019104,0.286949,0.791605,1.008492,0.021333,0.072356,-0.000185,1.204224,0.196117,1.049588,-0.027639,-0.052927,-0.016963,0.439385,0.692130,1.007424,0.018652,0.063264,-0.000162,1.052897,0.297135,1.043357,-0.024166,-0.046276,-0.014832,0.591291,0.593000,1.006361,0.015981,0.054203,-0.000139,0.902096,0.397803,1.037147,-0.020705,-0.039648,-0.012707,1613267153494
-0.009229,0.983192,1.009410,0.178669,0.273271,0.027166,1.497624,0.000420,1.060192,-0.178523,-0.295604,-0.029070,0.143426,0.883744,1.008459,0.160597,0.245631,0.024418,1.346144,0.101525,1.054104,-0.160466,-0.265705,-0.026129,0.295402,0.784739,1.007511,0.142606,0.218113,0.021683,1.195336,0.202181,1.048042,-0.142489,-0.235938,-0.023202,0.446776,0.686126,1.006567,0.124685,0.190704,0.018958,1.045126,0.302437,1.042005,-0.124584,-0.206289,-0.020286,0.597623,0.587856,1.005627,0.106827,0.163391,0.016243,0.895438,0.402345,1.035989,-0.106740,-0.176743,-0.017381,1613267153561
0.005799,0.975482,1.007687,0.155235,0.313204,0.015444,1.478644,0.012420,1.054577,-0.287398,-0.474703,-0.025247,0.156934,0.876815,1.006910,0.139533,0.281524,0.013882,1.329083,0.112311,1.049057,-0.258329,-0.426688,-0.022694,0.307397,0.778586,1.006135,0.123901,0.249985,0.012327,1.180187,0.211759,1.043561,-0.229388,-0.378887,-0.020151,0.457263,0.680746,1.005364,0.108332,0.218571,0.010778,1.031881,0.310812,1.038087,-0.200562,-0.331274,-0.017619,0.606609,0.583247,1.004596,0.092816,0.187267,0.009234,0.884090,0.409520,1.032632,-0.171837,-0.283828,-0.015096,1613267153650
0.031902,0.948293,1.011288,0.261475,0.228074,0.070093,1.445768,0.026287,1.056611,-0.147914,-0.255069,0.058316,0.180396,0.852376,1.010146,0.235027,0.205005,0.063003,1.299532,0.124775,1.050885,-0.132953,-0.229269,0.052417,0.328231,0.756885,1.009010,0.208697,0.182038,0.055945,1.153946,0.222826,1.045184,-0.118058,-0.203584,0.046545,0.475479,0.661772,1.007877,0.182472,0.159163,0.048915,1.008937,0.320489,1.039506,-0.103223,-0.178001,0.040696,0.622216,0.566990,1.006749,0.156337,0.136367,0.041909,0.864433,0.417811,1.033848,-0.088439,-0.152507,0.034867,1613267153735
0.081758,0.920156,1.012520,0.171791,0.236675,0.047172,1.391098,0.058505,1.052258,-0.173319,-0.236570,0.014846,0.221390,0.829488,1.010748,0.154415,0.212736,0.042401,1.254211,0.151331,1.047477,-0.155788,-0.212642,0.013344,0.360383,0.739235,1.008982,0.137116,0.188903,0.037651,1.117952,0.243733,1.042720,-0.138335,-0.188820,0.011849,0.498806,0.649351,1.007221,0.119885,0.165165,0.032919,0.982251,0.335757,1.037984,-0.120951,-0.165092,0.010360,0.636729,0.559792,1.005463,0.102715,0.141509,0.028205,0.847042,0.427449,1.033267,-0.103628,-0.141447,0.008876,1613267153782
0.126159,0.891265,1.017345,0.130894,0.214040,0.036811,1.351898,0.084674,1.054039,-0.126563,-0.072786,-0.005526,0.255031,0.807350,1.013885,0.117654,0.192391,0.033088,1.225246,0.171023,1.050279,-0.113762,-0.065424,-0.004967,0.383281,0.723839,1.010431,0.104473,0.170837,0.029381,1.099206,0.256957,1.046544,-0.101017,-0.058095,-0.004411,0.510972,0.640690,1.006983,0.091345,0.149369,0.025689,0.973716,0.342519,1.042833,-0.088323,-0.050794,-0.003857,0.638168,0.557861,1.003538,0.078262,0.127976,0.022010,0.848712,0.427753,1.039143,-0.075673,-0.043519,-0.003304,1613267153836
0.166668,0.863387,1.021654,0.114167,0.164972,0.034103,1.309472,0.110354,1.058256,-0.098038,-0.063726,-0.015392,0.285521,0.785639,1.014832,0.102619,0.148286,0.030654,1.193033,0.190758,1.056996,-0.088122,-0.057280,-0.013835,0.403767,0.708284,1.008017,0.091123,0.131673,0.027220,1.077190,0.270758,1.055764,-0.078250,-0.050863,-0.012285,0.521464,0.631283,1.001206,0.079672,0.115127,0.023799,0.961885,0.350392,1.054560,-0.068417,-0.044472,-0.010741,0.638673,0.554597,0.994396,0.068261,0.098638,0.020391,0.847061,0.429702,1.053383,-0.058618,-0.038102,-0.009203,1613267153899
0.219673,0.828913,1.026783,0.071153,0.131507,0.023157,1.259999,0.143005,1.063835,-0.073623,-0.006125,-0.016693,0.329287,0.754928,1.007777,0.063956,0.118205,0.020815,1.152441,0.219830,1.073675,-0.066176,-0.005506,-0.015005,0.438316,0.681321,0.988775,0.056791,0.104963,0.018483,1.045459,0.296265,1.083552,-0.058762,-0.004889,-0.013324,0.546814,0.608055,0.969767,0.049654,0.091773,0.016160,0.939000,0.372348,1.093471,-0.051378,-0.004274,-0.011650,0.654835,0.535093,0.950745,0.042543,0.078629,0.013846,0.833011,0.448117,1.103437,-0.044020,-0.003662,-0.009981,1613267153980
0.291182,0.780469,1.031075,0.016607,0.034320,0.019808,1.191486,0.188625,1.068102,-0.048074,0.011464,-0.015311,0.413436,0.696138,1.002767,0.014928,0.030848,0.017804,1.070985,0.276082,1.086378,-0.043212,0.010304,-0.013762,0.535147,0.612156,0.974460,0.013255,0.027393,0.015809,0.951019,0.363176,1.104698,-0.038371,0.009150,-0.012220,0.656376,0.528479,0.946141,0.011590,0.023950,0.013823,0.831529,0.449953,1.123070,-0.033549,0.008000,-0.010685,0.777183,0.445067,0.917795,0.009930,0.020520,0.011843,0.712454,0.536454,1.141503,-0.028744,0.006854,-0.009154,1613267154055
0.355096,0.736412,1.031681,-0.086518,-0.141179,0.009177,1.131854,0.229635,1.067945,0.041489,0.130004,-0.017182,0.467605,0.656415,0.994612,-0.077767,-0.126900,0.008249,1.020666,0.313066,1.094937,0.037293,0.116855,-0.015444,0.579597,0.576746,0.957540,-0.069054,-0.112683,0.007325,0.909988,0.396154,1.121977,0.033115,0.103763,-0.013714,0.691129,0.497366,0.920447,-0.060377,-0.098523,0.006404,0.799765,0.478940,1.149077,0.028953,0.090724,-0.011990,0.806979,0.426131,0.931841,-0.051729,-0.084412,0.005487,0.685219,0.553568,1.127726,0.024807,0.077730,-0.010273,1613267154126
0.413660,0.697856,1.029897,-0.089639,-0.069679,-0.005727,1.079841,0.265641,1.066026,0.033978,0.085778,-0.021009,0.525956,0.616671,0.990768,-0.080572,-0.062631,-0.005148,0.968203,0.350519,1.095452,0.030541,0.077102,-0.018884,0.637765,0.535794,0.951635,-0.071546,-0.055615,-0.004571,0.857048,0.435071,1.124927,0.027120,0.068464,-0.016768,0.749143,0.455185,0.912477,-0.062555,-0.048626,-0.003997,0.746322,0.519342,1.154463,0.023712,0.059861,-0.014661,0.856684,0.389991,0.925012,-0.053596,-0.041662,-0.003424,0.639430,0.588184,1.132340,0.020316,0.051287,-0.012561,1613267154200
0.467291,0.657503,1.024898,-0.050067,-0.074180,0.003002,1.025794,0.303215,1.064837,0.018883,0.048997,0.034467,0.579560,0.594104,0.976725,-0.045003,-0.066677,0.002699,0.914224,0.370587,1.103933,0.016973,0.044041,0.030980,0.691370,0.531003,0.928541,-0.039962,-0.059207,0.002396,0.803110,0.437644,1.143081,0.015072,0.039107,0.027510,0.816682,0.450628,0.926756,-0.034940,-0.051767,0.002095,0.678493,0.521959,1.135866,0.013178,0.034193,0.024053,0.914549,0.386087,0.937246,-0.029936,-0.044352,0.001795,0.581316,0.590426,1.116407,0.011290,0.029295,0.020608,1613267154268
0.510935,0.626091,1.017843,-0.033565,-0.021643,0.004952,0.981986,0.333177,1.067977,-0.000406,0.002077,0.062625,0.604125,0.565328,0.963058,-0.030170,-0.019454,0.004451,0.889511,0.398061,1.114081,-0.000365,0.001867,0.056291,0.696868,0.504847,0.908255,-0.026790,-0.017274,0.003952,0.797482,0.462643,1.160243,-0.000324,0.001657,0.049985,0.797792,0.441406,0.919784,-0.023423,-0.015103,0.003455,0.697267,0.530169,1.140106,-0.000283,0.001449,0.043703,0.898365,0.378186,0.931273,-0.020069,-0.012940,0.002961,0.597402,0.597460,1.120039,-0.000243,0.001242,0.037444,1613267154337
0.543660,0.601181,1.009276,-0.016271,0.002552,0.012068,0.948738,0.355820,1.075247,0.002261,-0.019759,0.060999,0.630655,0.536196,0.960768,-0.014625,0.002294,0.010848,0.862512,0.425153,1.115206,0.002032,-0.017760,0.054829,0.717215,0.471480,0.912240,-0.012987,0.002037,0.009632,0.776718,0.494200,1.155222,0.001804,-0.015771,0.048686,0.815582,0.412232,0.923269,-0.011355,0.001781,0.008422,0.679113,0.557760,1.135716,0.001578,-0.013789,0.042568,0.913608,0.353191,0.934258,-0.009728,0.001526,0.007216,0.581847,0.621100,1.116278,0.001352,-0.011814,0.036472,1613267154397
0.573530,0.579495,0.999600,-0.026239,0.016228,0.008989,0.917170,0.377296,1.086387,0.011789,-0.032820,0.048796,0.662322,0.512204,0.951177,-0.023585,0.014586,0.008080,0.829318,0.448957,1.126113,0.010596,-0.029501,0.043861,0.760867,0.440803,0.917368,-0.020943,0.012952,0.007175,0.731710,0.524709,1.151263,0.009409,-0.026196,0.038947,0.853749,0.385410,0.927752,-0.018311,0.011324,0.006273,0.639760,0.584436,1.132255,0.008227,-0.022904,0.034053,0.946308,0.330210,0.938100,-0.015688,0.009703,0.005375,0.548131,0.643955,1.113313,0.007048,-0.019623,0.029176,1613267154449
0.592765,0.565085,0.992295,-0.021213,0.021078,0.006204,0.898267,0.391169,1.094967,0.006067,-0.008949,0.057467,0.670860,0.501634,0.941249,-0.019067,0.018946,0.005576,0.821079,0.459045,1.137187,0.005454,-0.008044,0.051655,0.772294,0.430925,0.917684,-0.016931,0.016824,0.004952,0.720548,0.534159,1.151965,0.004843,-0.007143,0.045868,0.863740,0.376774,0.928028,-0.014803,0.014709,0.004329,0.630001,0.592698,1.132868,0.004234,-0.006245,0.040104,0.954868,0.322811,0.938336,-0.012683,0.012603,0.003709,0.539770,0.651034,1.113838,0.003628,-0.005351,0.034360,1613267154504
0.624071,0.541515,0.979108,-0.013865,0.013543,0.011534,0.865331,0.414240,1.110451,0.007477,0.003738,0.051611,0.717189,0.466897,0.919211,-0.012462,0.012173,0.010367,0.773285,0.493334,1.161289,0.006721,0.003360,0.046391,0.820558,0.413720,0.962820,-0.011066,0.010809,0.009206,0.670982,0.550966,1.108661,0.005968,0.002984,0.041194,0.905939,0.361730,0.967492,-0.009676,0.009451,0.008049,0.586664,0.607393,1.095007,0.005218,0.002609,0.036017,0.991023,0.309922,0.972148,-0.008290,0.008097,0.006896,0.502640,0.663624,1.081399,0.004471,0.002235,0.030859,1613267154598
0.662955,0.513700,0.961713,-0.005929,0.044525,0.007818,0.824859,0.443783,1.128731,-0.008269,0.011952,-0.023730,0.750286,0.445277,0.901068,-0.005329,0.040021,0.007027,0.738761,0.516506,1.180228,-0.007433,0.010743,-0.021330,0.834276,0.395393,0.912151,-0.004732,0.035538,0.006240,0.655998,0.570672,1.160037,-0.006600,0.009539,-0.018941,0.917933,0.345706,0.923190,-0.004137,0.031072,0.005456,0.573563,0.624623,1.139926,-0.005771,0.008340,-0.016560,1.001299,0.296193,0.934191,-0.003545,0.026622,0.004675,0.491415,0.678386,1.119886,-0.004944,0.007146,-0.014189,1613267154644
0.684080,0.498026,0.951781,0.006207,0.045501,0.007023,0.802740,0.459144,1.137760,-0.018999,-0.012938,-0.024679,0.774486,0.436081,0.927438,0.005580,0.040898,0.006313,0.713668,0.525421,1.153046,-0.017077,-0.011630,-0.022182,0.855764,0.387227,0.935567,0.004954,0.036316,0.005605,0.633716,0.578588,1.135901,-0.015164,-0.010327,-0.019697,0.936721,0.338567,0.943664,0.004332,0.031753,0.004901,0.554081,0.631544,1.118823,-0.013258,-0.009029,-0.017222,1.017397,0.290076,0.951733,0.003711,0.027205,0.004199,0.474724,0.684316,1.101805,-0.011360,-0.007736,-0.014755,1613267154698
0.709598,0.480087,0.941283,0.011933,0.069275,0.005970,0.779520,0.475820,1.147904,-0.004986,0.015060,-0.030436,0.793898,0.426762,0.938126,0.010726,0.062268,0.005366,0.696321,0.533606,1.142040,-0.004481,0.013537,-0.027358,0.873002,0.378952,0.945058,0.009525,0.055292,0.004765,0.618312,0.585856,1.126127,-0.003979,0.012020,-0.024293,0.951793,0.331331,0.951962,0.008328,0.048344,0.004166,0.540613,0.637898,1.110278,-0.003479,0.010510,-0.021240,1.030310,0.283877,0.958842,0.007135,0.041420,0.003570,0.463184,0.689760,1.094483,-0.002981,0.009004,-0.018198,1613267154753
0.732242,0.464854,0.930913,0.022024,0.106772,0.012621,0.759234,0.491166,1.155281,-0.025038,0.011632,-0.033725,0.809898,0.417836,0.937901,0.019796,0.095972,0.011345,0.682439,0.542633,1.139575,-0.022506,0.010456,-0.030314,0.887210,0.371026,0.944858,0.017578,0.085220,0.010074,0.605986,0.593871,1.123938,-0.019984,0.009284,-0.026918,0.964215,0.324401,0.951787,0.015369,0.074511,0.008808,0.529836,0.644907,1.108364,-0.017473,0.008118,-0.023535,1.040953,0.277939,0.958692,0.013168,0.063839,0.007546,0.453950,0.695765,1.092843,-0.014970,0.006955,-0.020165,1613267154835
0.763245,0.453174,0.906189,-0.208305,-0.013235,0.026809,0.727390,0.512765,1.165512,-0.005577,0.002856,-0.038040,0.837766,0.407337,0.915678,-0.187236,-0.011896,0.024097,0.653816,0.562048,1.148771,-0.005013,0.002567,-0.034192,0.911955,0.361703,0.925124,-0.166260,-0.010564,0.021398,0.580569,0.611111,1.132104,-0.004451,0.002280,-0.030362,0.985851,0.316250,0.934533,-0.145367,-0.009236,0.018709,0.507613,0.659980,1.115503,-0.003892,0.001993,-0.026546,1.059490,0.270955,0.943910,-0.124547,-0.007913,0.016029,0.434910,0.708680,1.098961,-0.003334,0.001708,-0.022744,1613267154891
0.775015,0.454067,0.886445,-0.432177,-0.216062,0.105117,0.706873,0.527693,1.169994,-0.030225,-0.011184,-0.031726,0.848345,0.408140,0.897931,-0.388464,-0.194208,0.094484,0.635375,0.575466,1.152800,-0.027168,-0.010053,-0.028517,0.921350,0.362416,0.909366,-0.344944,-0.172451,0.083899,0.564194,0.623026,1.135682,-0.024124,-0.008927,-0.025322,0.994065,0.316873,0.920755,-0.301597,-0.150780,0.073356,0.493296,0.670398,1.118631,-0.021093,-0.007805,-0.022140,1.066527,0.271489,0.932105,-0.258401,-0.129185,0.062850,0.422644,0.717605,1.101641,-0.018072,-0.006687,-0.018969,1613267154976
0.789950,0.469039,0.858399,-0.488680,-0.345964,0.150408,0.672689,0.551438,1.173195,-0.021668,0.018858,-0.033783,0.861770,0.421597,0.872722,-0.439252,-0.310970,0.135195,0.604648,0.596809,1.155677,-0.019476,0.016950,-0.030366,0.933270,0.374366,0.886981,-0.390043,-0.276132,0.120049,0.536910,0.641978,1.138236,-0.017295,0.015051,-0.026964,1.004488,0.327321,0.901183,-0.341029,-0.241433,0.104963,0.469440,0.686968,1.120865,-0.015121,0.013160,-0.023576,1.075457,0.280441,0.915336,-0.292185,-0.206854,0.089930,0.402205,0.731802,1.103554,-0.012956,0.011275,-0.020199,1613267155045
0.800354,0.485809,0.848894,-0.052433,-0.054424,0.052358,0.645012,0.569483,1.169874,-0.018795,0.002895,-0.029032,0.871121,0.436671,0.864178,-0.047129,-0.048919,0.047062,0.579771,0.613029,1.152692,-0.016894,0.002602,-0.026096,0.941574,0.387751,0.879394,-0.041850,-0.043439,0.041790,0.514819,0.656381,1.135586,-0.015001,0.002310,-0.023172,1.011748,0.339025,0.894550,-0.036591,-0.037980,0.036538,0.450125,0.699561,1.118548,-0.013116,0.002020,-0.020260,1.081677,0.290468,0.909653,-0.031350,-0.032541,0.031305,0.385657,0.742592,1.101569,-0.011237,0.001731,-0.017359,1613267155135
0.790999,0.518659,0.842993,0.196493,0.014311,0.018893,0.610362,0.592510,1.160077,-0.023228,-0.001261,-0.024770,0.862713,0.466198,0.858874,0.176618,0.012863,0.016982,0.548625,0.633726,1.143886,-0.020879,-0.001134,-0.022265,0.934108,0.413970,0.874684,0.156831,0.011422,0.015080,0.487163,0.674760,1.127766,-0.018540,-0.001007,-0.019771,1.005220,0.361949,0.890432,0.137123,0.009987,0.013185,0.425944,0.715630,1.111711,-0.016210,-0.000880,-0.017286,1.076084,0.310109,0.906124,0.117484,0.008557,0.011296,0.364939,0.756359,1.095711,-0.013888,-0.000754,-0.014810,1613267155212
0.780884,0.529333,0.857820,0.367934,0.030109,-0.068493,0.580700,0.611795,1.149475,-0.019016,0.012740,-0.026271,0.853621,0.475792,0.872201,0.330719,0.027064,-0.061565,0.521963,0.651061,1.134356,-0.017092,0.011452,-0.023614,0.926034,0.422489,0.886519,0.293668,0.024032,-0.054668,0.463488,0.690153,1.119304,-0.015177,0.010169,-0.020968,0.998161,0.369398,0.900779,0.256765,0.021012,-0.047798,0.405245,0.729089,1.104312,-0.013270,0.008891,-0.018333,1.070036,0.316491,0.914990,0.219990,0.018002,-0.040952,0.347204,0.767890,1.089372,-0.011370,0.007618,-0.015707,1613267155265
0.778284,0.531280,0.878260,0.357836,0.061470,0.011421,0.562280,0.623033,1.142740,-0.004303,0.008039,-0.026503,0.851284,0.477542,0.890573,0.321642,0.055252,0.010266,0.505407,0.661162,1.128302,-0.003867,0.007226,-0.023822,0.923959,0.424043,0.902832,0.285608,0.049062,0.009116,0.448786,0.699122,1.113929,-0.003434,0.006417,-0.021153,0.996346,0.370757,0.915043,0.249718,0.042897,0.007970,0.392390,0.736931,1.099612,-0.003003,0.005610,-0.018495,1.068482,0.317655,0.927211,0.213952,0.036753,0.006829,0.336190,0.774609,1.085345,-0.002573,0.004807,-0.015846,1613267155356
0.806343,0.516506,0.904456,0.350072,0.413408,0.221084,0.530865,0.644468,1.131753,-0.028412,0.020678,-0.028108,0.876505,0.464263,0.914120,0.314663,0.371593,0.198722,0.477169,0.680429,1.118427,-0.025538,0.018586,-0.025265,0.946355,0.412252,0.923741,0.279412,0.329963,0.176459,0.423712,0.716231,1.105160,-0.022677,0.016504,-0.022435,1.015928,0.360447,0.933324,0.244300,0.288499,0.154285,0.370467,0.751890,1.091945,-0.019828,0.014430,-0.019615,1.085258,0.308822,0.942873,0.209310,0.247179,0.132188,0.317407,0.787425,1.078776,-0.016988,0.012363,-0.016806,1613267155433
0.826725,0.490001,0.925280,0.108069,0.227669,-0.022864,0.502604,0.662401,1.124258,-0.026904,0.020727,-0.022403,0.894825,0.440439,0.932838,0.097138,0.204641,-0.020552,0.451767,0.696548,1.111690,-0.024182,0.018631,-0.020137,0.962623,0.391097,0.940362,0.086255,0.181715,-0.018249,0.401156,0.730544,1.099177,-0.021473,0.016544,-0.017881,1.030151,0.341950,0.947856,0.075416,0.158880,-0.015956,0.350745,0.764405,1.086714,-0.018775,0.014465,-0.015634,1.097445,0.292975,0.955325,0.064615,0.136125,-0.013671,0.300510,0.798148,1.074295,-0.016086,0.012393,-0.013395,1613267155489
0.848051,0.468449,0.930711,0.000677,0.120535,-0.000712,0.483195,0.674304,1.118847,-0.003247,0.051965,-0.025136,0.913994,0.421067,0.937720,0.000608,0.108343,-0.000640,0.434321,0.707247,1.106826,-0.002919,0.046709,-0.022593,0.979644,0.373895,0.944697,0.000540,0.096205,-0.000568,0.385664,0.740044,1.094858,-0.002592,0.041476,-0.020062,1.045033,0.326910,0.951647,0.000472,0.084116,-0.000497,0.337200,0.772711,1.082938,-0.002266,0.036264,-0.017541,1.110196,0.280088,0.958572,0.000405,0.072068,-0.000425,0.288905,0.805264,1.071059,-0.001941,0.031070,-0.015029,1613267155581
0.886907,0.436554,0.927316,-0.067995,0.054798,-0.009275,0.456534,0.691508,1.111307,-0.014703,0.042833,-0.022144,0.948920,0.392397,0.934668,-0.061117,0.049255,-0.008337,0.410357,0.722711,1.100049,-0.013216,0.038501,-0.019905,1.010657,0.348437,0.941987,-0.054270,0.043737,-0.007403,0.364385,0.753775,1.088840,-0.011735,0.034187,-0.017675,1.072150,0.304651,0.949277,-0.047451,0.038241,-0.006472,0.318595,0.784717,1.077676,-0.010260,0.029891,-0.015454,1.133428,0.261018,0.956542,-0.040655,0.032764,-0.005545,0.272964,0.815551,1.066551,-0.008791,0.025610,-0.013240,1613267155628
0.909826,0.418868,0.924092,-0.092250,-0.003701,-0.011209,0.440492,0.701617,1.107942,-0.011598,0.046945,-0.023465,0.969521,0.376500,0.931770,-0.082919,-0.003327,-0.010075,0.395937,0.731797,1.097024,-0.010425,0.042196,-0.021092,1.028950,0.334321,0.939413,-0.073630,-0.002954,-0.008947,0.351581,0.761844,1.086155,-0.009257,0.037469,-0.018729,1.088144,0.292309,0.947027,-0.064377,-0.002583,-0.007822,0.307400,0.791771,1.075328,-0.008094,0.032761,-0.016375,1.147131,0.250443,0.954614,-0.055157,-0.002213,-0.006702,0.263373,0.821595,1.064539,-0.006934,0.028069,-0.014030,1613267155719
0.947915,0.392138,0.923221,-0.091718,-0.060793,0.001444,0.411973,0.719636,1.103739,-0.025488,0.019249,-0.029567,1.003757,0.352474,0.930987,-0.082441,-0.054644,0.001298,0.370303,0.747994,1.093246,-0.022910,0.017302,-0.026577,1.059351,0.312986,0.938719,-0.073205,-0.048523,0.001153,0.328818,0.776226,1.082800,-0.020343,0.015364,-0.023599,1.114725,0.273655,0.946419,-0.064006,-0.042425,0.001008,0.287498,0.804346,1.072395,-0.017787,0.013433,-0.020634,1.169905,0.234461,0.954093,-0.054839,-0.036349,0.000864,0.246321,0.832369,1.062026,-0.015239,0.011509,-0.017678,1613267155771
0.968379,0.380122,0.926561,-0.065623,-0.030008,0.001851,0.397741,0.729502,1.102668,-0.038367,0.034572,-0.037933,1.022151,0.341673,0.933990,-0.058985,-0.026972,0.001664,0.357510,0.756862,1.092283,-0.034486,0.031075,-0.034096,1.075684,0.303396,0.941385,-0.052377,-0.023951,0.001478,0.317459,0.784101,1.081945,-0.030623,0.027594,-0.030276,1.129005,0.265270,0.948750,-0.045795,-0.020941,0.001292,0.277566,0.811231,1.071647,-0.026775,0.024126,-0.026472,1.182141,0.227277,0.956091,-0.039236,-0.017942,0.001107,0.237812,0.838268,1.061386,-0.022940,0.020671,-0.022680,1613267155858
0.994295,0.366392,0.933826,-0.047507,-0.023089,0.001189,0.374778,0.743859,1.101360,-0.033547,0.033085,-0.038508,1.045446,0.329333,0.940519,-0.042701,-0.020753,0.001069,0.336871,0.769767,1.091107,-0.030154,0.029739,-0.034613,1.096369,0.292438,0.947183,-0.037918,-0.018428,0.000949,0.299131,0.795559,1.080901,-0.026775,0.026407,-0.030735,1.147091,0.255689,0.953820,-0.033153,-0.016113,0.000830,0.261541,0.821250,1.070734,-0.023411,0.023089,-0.026873,1.197636,0.219068,0.960434,-0.028404,-0.013805,0.000711,0.224082,0.846851,1.060604,-0.020058,0.019782,-0.023024,1613267155906
1.012252,0.355722,0.938105,-0.004108,-0.029689,0.001753,0.358248,0.753975,1.100437,-0.023129,0.031258,-0.032214,1.061587,0.319742,0.944365,-0.003692,-0.026686,0.001576,0.322012,0.778860,1.090278,-0.020789,0.028096,-0.028955,1.110702,0.283921,0.950598,-0.003279,-0.023697,0.001399,0.285937,0.803634,1.080164,-0.018460,0.024948,-0.025711,1.159622,0.248243,0.956806,-0.002867,-0.020719,0.001223,0.250005,0.828310,1.070090,-0.016140,0.021813,-0.022480,1.208373,0.212688,0.962993,-0.002456,-0.017751,0.001048,0.214199,0.852900,1.060052,-0.013829,0.018689,-0.019261,1613267155997
1.033751,0.346228,0.943725,0.004129,0.018262,-0.054386,0.335533,0.768393,1.097453,-0.013597,0.033262,-0.020424,1.080911,0.311208,0.949417,0.003712,0.016415,-0.048885,0.301595,0.791820,1.087595,-0.012222,0.029897,-0.018358,1.127861,0.276344,0.955084,0.003296,0.014576,-0.043408,0.267807,0.815142,1.077782,-0.010853,0.026548,-0.016301,1.174625,0.241617,0.960728,0.002882,0.012745,-0.037953,0.234154,0.838372,1.068008,-0.009489,0.023212,-0.014253,1.221227,0.207012,0.966353,0.002469,0.010919,-0.032517,0.200617,0.861521,1.058267,-0.008130,0.019887,-0.012212,1613267156047
1.045654,0.339018,0.946745,0.032523,0.070158,0.068209,0.323092,0.776483,1.095538,-0.018495,0.023059,-0.023282,1.091610,0.304727,0.952131,0.029234,0.063061,0.061310,0.290412,0.799091,1.085875,-0.016624,0.020727,-0.020927,1.137361,0.270589,0.957494,0.025959,0.055997,0.054441,0.257878,0.821599,1.076254,-0.014762,0.018405,-0.018583,1.182932,0.236586,0.962835,0.022696,0.048960,0.047600,0.225472,0.844018,1.066672,-0.012907,0.016092,-0.016248,1.228344,0.202701,0.968158,0.019446,0.041948,0.040783,0.193179,0.866358,1.057123,-0.011058,0.013787,-0.013921,1613267156139
1.065841,0.325881,0.951341,0.048363,0.082777,0.001381,0.302664,0.789697,1.092932,-0.019565,0.011208,-0.025875,1.109755,0.292919,0.956263,0.043471,0.074404,0.001241,0.272051,0.810969,1.083532,-0.017586,0.010074,-0.023258,1.153474,0.260103,0.961162,0.038601,0.066069,0.001102,0.241573,0.832146,1.074174,-0.015616,0.008945,-0.020652,1.197019,0.227418,0.966043,0.033750,0.057766,0.000964,0.211216,0.853239,1.064853,-0.013654,0.007821,-0.018057,1.240414,0.194846,0.970906,0.028916,0.049493,0.000826,0.180965,0.874259,1.055565,-0.011698,0.006701,-0.015471,1613267156229
1.082167,0.312298,0.957034,0.050031,0.023904,0.005027,0.286740,0.800382,1.092199,-0.008363,0.020059,-0.019902,1.124430,0.280710,0.961380,0.044970,0.021486,0.004518,0.257737,0.820573,1.082873,-0.007517,0.018030,-0.017889,1.166505,0.249262,0.965706,0.039932,0.019079,0.004012,0.228863,0.840674,1.073589,-0.006675,0.016010,-0.015885,1.208413,0.217939,0.970016,0.034914,0.016681,0.003508,0.200103,0.860695,1.064342,-0.005836,0.013999,-0.013889,1.250175,0.186725,0.974310,0.029914,0.014292,0.003006,0.171444,0.880647,1.055126,-0.005000,0.011994,-0.011900,1613267156314
1.111208,0.291706,0.965712,0.042173,0.059795,0.062027,0.267159,0.812788,1.090676,0.006183,0.008664,-0.009092,1.150533,0.262201,0.969180,0.037907,0.053747,0.055754,0.240137,0.831724,1.081505,0.005557,0.007788,-0.008173,1.189684,0.232827,0.972633,0.033661,0.047725,0.049507,0.213235,0.850576,1.072374,0.004935,0.006915,-0.007257,1.228679,0.203569,0.976072,0.029431,0.041728,0.043286,0.186439,0.869353,1.063279,0.004315,0.006046,-0.006345,1.267539,0.174413,0.979499,0.025216,0.035752,0.037087,0.159736,0.888065,1.054216,0.003697,0.005180,-0.005436,1613267156366
1.125784,0.282447,0.969649,-0.003929,0.057438,0.003853,0.258166,0.819791,1.089641,-0.010933,0.013410,-0.017482,1.163635,0.253878,0.972719,-0.003531,0.051628,0.003464,0.232053,0.838019,1.080574,-0.009827,0.012054,-0.015714,1.201318,0.225436,0.975776,-0.003136,0.045845,0.003076,0.206056,0.856165,1.071548,-0.008726,0.010703,-0.013954,1.238851,0.197107,0.978820,-0.002742,0.040084,0.002689,0.180163,0.874240,1.062557,-0.007630,0.009358,-0.012200,1.276254,0.168877,0.981853,-0.002349,0.034343,0.002304,0.154359,0.892252,1.053597,-0.006537,0.008018,-0.010453,1613267156462
1.155184,0.258894,0.975996,-0.001272,0.026883,0.004808,0.240642,0.831429,1.086976,-0.005980,0.016354,-0.013018,1.190061,0.232708,0.978424,-0.001144,0.024164,0.004322,0.216301,0.848479,1.078179,-0.005375,0.014700,-0.011702,1.224784,0.206638,0.980841,-0.001016,0.021457,0.003838,0.192069,0.865454,1.069420,-0.004773,0.013053,-0.010391,1.259368,0.180671,0.983249,-0.000888,0.018760,0.003356,0.167933,0.882362,1.060697,-0.004173,0.011413,-0.009085,1.293833,0.154794,0.985648,-0.000761,0.016073,0.002875,0.143881,0.899210,1.052003,-0.003576,0.009778,-0.007784,1613267156515
1.167803,0.247957,0.979091,0.003224,0.018421,0.053260,0.232108,0.837825,1.085446,-0.025146,0.014682,-0.021860,1.201404,0.222877,0.981206,0.002898,0.016558,0.047873,0.208630,0.854229,1.076803,-0.022603,0.013197,-0.019649,1.234856,0.197908,0.983311,0.002573,0.014703,0.042510,0.185258,0.870560,1.068199,-0.020071,0.011718,-0.017448,1.268175,0.173038,0.985409,0.002250,0.012856,0.037168,0.161978,0.886826,1.059629,-0.017549,0.010246,-0.015255,1.301378,0.148255,0.987498,0.001928,0.011014,0.031845,0.138778,0.903035,1.051088,-0.015035,0.008778,-0.013070,1613267156570
1.181752,0.237741,0.980270,-0.025273,-0.012488,0.008369,0.221882,0.844444,1.083257,-0.029020,0.008393,-0.026097,1.213942,0.213694,0.982266,-0.022717,-0.011224,0.007523,0.199439,0.860178,1.074835,-0.026084,0.007545,-0.023458,1.245989,0.189754,0.984253,-0.020172,-0.009967,0.006680,0.177096,0.875842,1.066452,-0.023162,0.006699,-0.020830,1.277909,0.165909,0.986231,-0.017637,-0.008715,0.005841,0.154842,0.891444,1.058101,-0.020251,0.005857,-0.018212,1.309718,0.142147,0.988203,-0.015111,-0.007466,0.005004,0.132665,0.906992,1.049780,-0.017351,0.005019,-0.015604,1613267156661
1.204856,0.218689,0.984640,-0.003170,-0.002454,0.046338,0.209657,0.853086,1.080053,-0.026454,0.024110,-0.023761,1.234709,0.196569,0.986194,-0.002849,-0.002206,0.041651,0.188450,0.867946,1.071956,-0.023778,0.021671,-0.021357,1.264430,0.174547,0.987740,-0.002530,-0.001959,0.036985,0.167338,0.882740,1.063895,-0.021114,0.019243,-0.018965,1.294032,0.152613,0.989281,-0.002212,-0.001712,0.032338,0.146310,0.897475,1.055866,-0.018461,0.016825,-0.016582,1.323532,0.130755,0.990816,-0.001895,-0.001467,0.027706,0.125355,0.912159,1.047864,-0.015817,0.014415,-0.014207,1613267156729
1.223555,0.206468,0.987032,-0.047534,-0.001744,0.012916,0.198629,0.860330,1.078432,-0.030626,0.032926,-0.025258,1.251517,0.185584,0.988343,-0.042726,-0.001567,0.011609,0.178538,0.874457,1.070499,-0.027528,0.029596,-0.022703,1.279354,0.164794,0.989649,-0.037939,-0.001392,0.010309,0.158536,0.888522,1.062601,-0.024444,0.026280,-0.020160,1.307081,0.144085,0.990950,-0.033172,-0.001217,0.009013,0.138614,0.902531,1.054734,-0.021372,0.022978,-0.017627,1.334712,0.123449,0.992246,-0.028421,-0.001043,0.007722,0.118761,0.916491,1.046895,-0.018311,0.019687,-0.015102,1613267156787
1.237102,0.195058,0.989663,-0.020096,-0.002306,-0.002982,0.189503,0.865958,1.076093,-0.019535,0.027733,-0.020730,1.263693,0.175328,0.990709,-0.018063,-0.002073,-0.002681,0.170335,0.879516,1.068397,-0.017559,0.024927,-0.018633,1.290167,0.155686,0.991750,-0.016040,-0.001840,-0.002380,0.151253,0.893014,1.060734,-0.015592,0.022135,-0.016546,1.316535,0.136122,0.992786,-0.014024,-0.001609,-0.002081,0.132246,0.906458,1.053102,-0.013633,0.019353,-0.014466,1.342812,0.116626,0.993819,-0.012016,-0.001379,-0.001783,0.113305,0.919855,1.045497,-0.011680,0.016581,-0.012394,1613267156875
1.253291,0.184162,0.992063,-0.035820,0.037787,0.001984,0.176416,0.873076,1.073699,-0.002337,-0.000442,-0.017389,1.278245,0.165534,0.992866,-0.032197,0.033965,0.001783,0.158572,0.885914,1.066244,-0.002101,-0.000397,-0.015630,1.303088,0.146990,0.993665,-0.028590,0.030160,0.001583,0.140807,0.898695,1.058823,-0.001865,-0.000353,-0.013879,1.327832,0.128518,0.994461,-0.024997,0.026370,0.001384,0.123113,0.911425,1.051431,-0.001631,-0.000308,-0.012135,1.352491,0.110111,0.995254,-0.021417,0.022593,0.001186,0.105480,0.924111,1.044065,-0.001397,-0.000264,-0.010397,1613267156934
1.265563,0.174249,0.992938,-0.036715,-0.006685,0.011672,0.167930,0.879794,1.071926,-0.006777,0.041652,-0.014824,1.289275,0.156624,0.993652,-0.033002,-0.006008,0.010492,0.150944,0.891953,1.064650,-0.006091,0.037439,-0.013325,1.312883,0.139078,0.994363,-0.029305,-0.005335,0.009316,0.134034,0.904057,1.057408,-0.005409,0.033244,-0.011832,1.336396,0.121601,0.995072,-0.025622,-0.004665,0.008146,0.117191,0.916114,1.050194,-0.004729,0.029067,-0.010345,1.359828,0.104185,0.995778,-0.021952,-0.003997,0.006979,0.100406,0.928128,1.043005,-0.004052,0.024904,-0.008864,1613267156986
1.273951,0.167807,0.993790,-0.024074,-0.005006,0.009678,0.160086,0.884993,1.070580,-0.021684,0.012007,-0.022747,1.296816,0.150834,0.994418,-0.021639,-0.004500,0.008699,0.143894,0.896626,1.063441,-0.019491,0.010792,-0.020447,1.319578,0.133936,0.995043,-0.019215,-0.003996,0.007724,0.127774,0.908207,1.056334,-0.017308,0.009583,-0.018156,1.342251,0.117105,0.995666,-0.016800,-0.003494,0.006754,0.111717,0.919742,1.049255,-0.015133,0.008379,-0.015874,1.364844,0.100333,0.996287,-0.014394,-0.002993,0.005786,0.095717,0.931237,1.042200,-0.012965,0.007179,-0.013601,1613267157078
1.289372,0.157421,0.996946,-0.008224,0.043408,-0.004591,0.149853,0.891721,1.069516,0.007422,0.051134,-0.013541,1.310677,0.141498,0.997255,-0.007392,0.039018,-0.004126,0.134696,0.902673,1.062484,0.006672,0.045962,-0.012171,1.331887,0.125646,0.997563,-0.006564,0.034646,-0.003664,0.119606,0.913577,1.055484,0.005924,0.040812,-0.010808,1.353012,0.109857,0.997869,-0.005739,0.030293,-0.003204,0.104576,0.924437,1.048512,0.005180,0.035684,-0.009450,1.374065,0.094123,0.998174,-0.004917,0.025954,-0.002745,0.089598,0.935259,1.041564,0.004438,0.030573,-0.008096,1613267157125
1.296935,0.151380,0.997961,0.001237,0.016221,0.003095,0.143626,0.896470,1.068418,-0.007399,0.042782,-0.017649,1.317475,0.136068,0.998167,0.001112,0.014581,0.002782,0.129099,0.906942,1.061498,-0.006650,0.038455,-0.015864,1.337923,0.120824,0.998373,0.000987,0.012947,0.002470,0.114636,0.917367,1.054608,-0.005905,0.034147,-0.014086,1.358290,0.105641,0.998577,0.000863,0.011320,0.002160,0.100230,0.927751,1.047746,-0.005163,0.029856,-0.012316,1.378586,0.090511,0.998781,0.000740,0.009699,0.001851,0.085875,0.938099,1.040907,-0.004424,0.025580,-0.010552,1613267157188
1.303522,0.146555,0.999292,-0.002678,0.008087,0.003215,0.137321,0.900612,1.067237,-0.006759,0.029251,-0.016560,1.323395,0.131732,0.999364,-0.002407,0.007269,0.002890,0.123431,0.910665,1.060436,-0.006075,0.026292,-0.014885,1.343180,0.116974,0.999435,-0.002138,0.006455,0.002566,0.109604,0.920673,1.053666,-0.005395,0.023347,-0.013217,1.362887,0.102274,0.999506,-0.001869,0.005644,0.002244,0.095830,0.930642,1.046922,-0.004717,0.020413,-0.011556,1.382525,0.087626,0.999577,-0.001601,0.004835,0.001922,0.082105,0.940576,1.040202,-0.004041,0.017489,-0.009901,1613267157250
1.312119,0.139273,1.000851,0.004544,-0.006114,-0.001752,0.128848,0.907906,1.065091,-0.048581,0.009471,-0.037020,1.331122,0.125186,1.000765,0.004084,-0.005496,-0.001575,0.115815,0.917221,1.058507,-0.043667,0.008513,-0.033276,1.350042,0.111161,1.000679,0.003627,-0.004880,-0.001398,0.102840,0.926495,1.051953,-0.038775,0.007559,-0.029548,1.368886,0.097192,1.000594,0.003171,-0.004267,-0.001222,0.089917,0.935732,1.045424,-0.033902,0.006609,-0.025835,1.387665,0.083272,1.000509,0.002717,-0.003656,-0.001047,0.077039,0.944937,1.038918,-0.029047,0.005663,-0.022135,1613267157307
1.322619,0.132554,1.003839,-0.000072,0.069716,-0.001485,0.121593,0.911418,1.063877,-0.011504,0.014612,-0.023169,1.340560,0.119147,1.003450,-0.000065,0.062664,-0.001335,0.109294,0.920378,1.057416,-0.010340,0.013134,-0.020826,1.358422,0.105799,1.003064,-0.000058,0.055644,-0.001185,0.097050,0.929298,1.050984,-0.009182,0.011663,-0.018493,1.376214,0.092504,1.002679,-0.000051,0.048652,-0.001036,0.084855,0.938182,1.044577,-0.008028,0.010197,-0.016169,1.393943,0.079255,1.002295,-0.000043,0.041684,-0.000888,0.072701,0.947036,1.038193,-0.006878,0.008737,-0.013853,1613267157360
1.329335,0.126899,1.003702,0.003624,0.026372,0.006720,0.116748,0.915353,1.063163,-0.019669,0.020935,-0.023863,1.346597,0.114064,1.003328,0.003257,0.023704,0.006040,0.104939,0.923915,1.056774,-0.017679,0.018818,-0.021449,1.363783,0.101285,1.002955,0.002893,0.021049,0.005363,0.093183,0.932439,1.050414,-0.015699,0.016710,-0.019046,1.380900,0.088558,1.002584,0.002529,0.018404,0.004689,0.081473,0.940929,1.044079,-0.013726,0.014610,-0.016653,1.397958,0.075874,1.002214,0.002167,0.015768,0.004018,0.069804,0.949389,1.037766,-0.011760,0.012517,-0.014268,1613267157415
1.335617,0.121325,1.004593,0.007082,0.024920,0.004392,0.111147,0.918683,1.062490,-0.018373,0.001383,-0.018527,1.352244,0.109053,1.004129,0.006365,0.022400,0.003948,0.099905,0.926908,1.056169,-0.016515,0.001243,-0.016653,1.368797,0.096836,1.003666,0.005652,0.019890,0.003506,0.088713,0.935096,1.049877,-0.014665,0.001104,-0.014788,1.385284,0.084667,1.003206,0.004942,0.017391,0.003065,0.077565,0.943252,1.043609,-0.012822,0.000965,-0.012929,1.401714,0.072541,1.002746,0.004234,0.014900,0.002626,0.066456,0.951380,1.037363,-0.010986,0.000827,-0.011078,1613267157470
1.341089,0.115255,1.005037,0.001136,-0.006363,0.003438,0.106295,0.920770,1.062358,0.016809,0.024313,-0.007911,1.357163,0.103597,1.004528,0.001021,-0.005719,0.003090,0.095544,0.928784,1.056051,0.015109,0.021853,-0.007111,1.373165,0.091991,1.004020,0.000907,-0.005078,0.002744,0.084840,0.936762,1.049772,0.013416,0.019405,-0.006314,1.389103,0.080431,1.003515,0.000793,-0.004440,0.002399,0.074179,0.944709,1.043517,0.011730,0.016967,-0.005521,1.404986,0.068912,1.003012,0.000679,-0.003804,0.002056,0.063555,0.952628,1.037285,0.010050,0.014537,-0.004730,1613267157523
1.348251,0.109886,1.006023,-0.002050,0.017910,0.005444,0.102455,0.924545,1.061642,-0.005930,0.037460,-0.017043,1.363600,0.098771,1.005414,-0.001843,0.016098,0.004894,0.092092,0.932177,1.055407,-0.005330,0.033671,-0.015319,1.378881,0.087706,1.004808,-0.001636,0.014295,0.004345,0.081775,0.939775,1.049200,-0.004733,0.029899,-0.013603,1.394101,0.076684,1.004203,-0.001431,0.012499,0.003799,0.071499,0.947343,1.043017,-0.004139,0.026142,-0.011893,1.409268,0.065701,1.003601,-0.001226,0.010709,0.003255,0.061258,0.954885,1.036856,-0.003546,0.022398,-0.010190,1613267157578
1.355484,0.103114,1.007571,-0.004168,0.016308,0.008210,0.097137,0.928581,1.060848,-0.024638,0.024898,-0.021983,1.370101,0.092685,1.006805,-0.003746,0.014659,0.007379,0.087312,0.935805,1.054693,-0.022146,0.022379,-0.019759,1.384654,0.082301,1.006043,-0.003326,0.013017,0.006553,0.077530,0.942996,1.048566,-0.019665,0.019872,-0.017546,1.399148,0.071959,1.005283,-0.002908,0.011381,0.005729,0.067788,0.950160,1.042463,-0.017194,0.017375,-0.015341,1.413593,0.061653,1.004527,-0.002492,0.009751,0.004909,0.058079,0.957298,1.036381,-0.014731,0.014886,-0.013144,1613267157632
1.360160,0.097769,1.008430,-0.004549,0.003502,0.010053,0.092555,0.930039,1.060226,0.002195,0.011998,-0.012370,1.374304,0.087880,1.007578,-0.004089,0.003148,0.009036,0.083194,0.937115,1.054134,0.001973,0.010785,-0.011119,1.388386,0.078035,1.006729,-0.003631,0.002795,0.008024,0.073874,0.944160,1.048069,0.001752,0.009577,-0.009873,1.402412,0.068229,1.005883,-0.003175,0.002444,0.007015,0.064590,0.951177,1.042029,0.001532,0.008373,-0.008632,1.416389,0.058457,1.005041,-0.002720,0.002094,0.006011,0.055339,0.958170,1.036009,0.001312,0.007174,-0.007396,1613267157703
1.367488,0.091035,1.010233,-0.001024,0.020387,0.007375,0.088007,0.933239,1.058701,-0.003680,0.009043,-0.020881,1.380891,0.081827,1.009198,-0.000921,0.018325,0.006629,0.079106,0.939992,1.052763,-0.003307,0.008129,-0.018769,1.394235,0.072660,1.008168,-0.000818,0.016272,0.005887,0.070244,0.946714,1.046852,-0.002937,0.007218,-0.016666,1.407526,0.063529,1.007141,-0.000715,0.014227,0.005147,0.061416,0.953410,1.040965,-0.002568,0.006311,-0.014572,1.420770,0.054430,1.006119,-0.000612,0.012189,0.004410,0.052620,0.960083,1.035098,-0.002200,0.005407,-0.012485,1613267157771
1.374959,0.082547,1.011681,-0.002762,0.002207,0.003083,0.082917,0.936984,1.056684,-0.006151,0.021403,-0.015733,1.387607,0.074198,1.010500,-0.002483,0.001983,0.002771,0.074530,0.943358,1.050951,-0.005529,0.019238,-0.014142,1.400198,0.065885,1.009323,-0.002205,0.001761,0.002461,0.066181,0.949703,1.045243,-0.004910,0.017083,-0.012557,1.412740,0.057606,1.008152,-0.001927,0.001540,0.002151,0.057864,0.956024,1.039557,-0.004293,0.014936,-0.010979,1.425237,0.049355,1.006984,-0.001651,0.001319,0.001843,0.049577,0.962322,1.033892,-0.003678,0.012797,-0.009407,1613267157850
1.382915,0.075331,1.013398,-0.005883,0.008926,0.006326,0.077851,0.940553,1.055620,-0.014037,0.014716,-0.016655,1.394758,0.067712,1.012043,-0.005288,0.008023,0.005686,0.069976,0.946566,1.049994,-0.012617,0.013227,-0.014971,1.406548,0.060126,1.010694,-0.004696,0.007125,0.005049,0.062137,0.952552,1.044394,-0.011203,0.011745,-0.013294,1.418292,0.052570,1.009350,-0.004106,0.006229,0.004415,0.054329,0.958514,1.038815,-0.009796,0.010270,-0.011623,1.429994,0.045041,1.008011,-0.003518,0.005337,0.003782,0.046547,0.964456,1.033256,-0.008393,0.008799,-0.009958,1613267157900
1.389859,0.069791,1.014213,-0.014362,0.032115,0.012109,0.074223,0.942414,1.055012,0.003114,0.014150,-0.015994,1.401000,0.062732,1.012775,-0.012910,0.028867,0.010884,0.066716,0.948238,1.049448,0.002799,0.012719,-0.014376,1.412091,0.055704,1.011344,-0.011463,0.025633,0.009665,0.059242,0.954037,1.043908,0.002485,0.011294,-0.012766,1.423138,0.048704,1.009918,-0.010023,0.022412,0.008450,0.051797,0.959813,1.038391,0.002173,0.009875,-0.011161,1.434146,0.041729,1.008498,-0.008587,0.019202,0.007240,0.044379,0.965569,1.032892,0.001862,0.008460,-0.009563,1613267157956
1.393671,0.065403,1.014691,-0.017213,0.009306,0.011245,0.071577,0.944648,1.054815,-0.000152,0.029414,-0.015422,1.404426,0.058788,1.013205,-0.015472,0.008365,0.010107,0.064337,0.950247,1.049271,-0.000136,0.026439,-0.013862,1.415133,0.052202,1.011726,-0.013739,0.007428,0.008975,0.057130,0.955821,1.043751,-0.000121,0.023477,-0.012309,1.425798,0.045642,1.010252,-0.012012,0.006494,0.007847,0.049951,0.961372,1.038253,-0.000106,0.020527,-0.010762,1.436425,0.039105,1.008784,-0.010292,0.005564,0.006723,0.042796,0.966905,1.032774,-0.000091,0.017587,-0.009221,1613267158011
